problem,candidate_vertex_graph1,revealed_vertex_graph2,baseline_h0_accuracy,baseline_final_unseeded_accuracy,outcome_h0_accuracy,outcome_final_unseeded_accuracy,outcome_final_all_accuracy,outcome_accuracy_improvement,outcome_success,sgm_runtime_seconds,sgm_n_iter,sgm_converged,sgm_objective_score
sparse_er,0,253,0.0684931506849315,0.3321917808219178,0.061855670103092786,0.993127147766323,0.9933333333333333,0.6609353669444052,True,0.2604281670646742,28,True,1560.0
sparse_er,1,28,0.0684931506849315,0.3321917808219178,0.07216494845360824,1.0,1.0,0.6678082191780822,True,0.16267620807047933,17,True,1560.0
sparse_er,2,116,0.0684931506849315,0.3321917808219178,0.07216494845360824,0.872852233676976,0.8766666666666667,0.5406604528550581,False,0.2869004160165787,30,False,1342.0
sparse_er,3,179,0.0684931506849315,0.3321917808219178,0.06529209621993128,0.993127147766323,0.9933333333333333,0.6609353669444052,True,0.2632471250835806,28,True,1560.0
sparse_er,4,209,0.0684931506849315,0.3321917808219178,0.07216494845360824,0.993127147766323,0.9933333333333333,0.6609353669444052,True,0.20930279209278524,22,True,1560.0
sparse_er,5,172,0.0684931506849315,0.3321917808219178,0.07560137457044673,0.993127147766323,0.9933333333333333,0.6609353669444052,True,0.2189966250443831,23,True,1560.0
sparse_er,6,244,0.0684931506849315,0.3321917808219178,0.07216494845360824,0.993127147766323,0.9933333333333333,0.6609353669444052,True,0.18261558306403458,19,True,1560.0
sparse_er,7,175,0.0684931506849315,0.3321917808219178,0.07560137457044673,0.13058419243986255,0.15666666666666668,-0.20160758838205525,False,0.26405362493824214,28,True,796.0
sparse_er,8,287,0.0684931506849315,0.3321917808219178,0.07560137457044673,0.16494845360824742,0.19,-0.16724332721367038,False,0.20927379198838025,22,True,822.0
sparse_er,9,236,0.0684931506849315,0.3321917808219178,0.07216494845360824,0.993127147766323,0.9933333333333333,0.6609353669444052,True,0.27218362502753735,29,True,1560.0
sparse_er,10,198,0.0684931506849315,0.3321917808219178,0.07216494845360824,0.993127147766323,0.9933333333333333,0.6609353669444052,True,0.26546116604004055,28,True,1560.0
sparse_er,11,251,0.0684931506849315,0.3321917808219178,0.07216494845360824,0.993127147766323,0.9933333333333333,0.6609353669444052,True,0.1390202499460429,14,True,1560.0
sparse_er,12,158,0.0684931506849315,0.3321917808219178,0.07216494845360824,0.993127147766323,0.9933333333333333,0.6609353669444052,True,0.21337200002744794,22,True,1560.0
sparse_er,13,254,0.0684931506849315,0.3321917808219178,0.061855670103092786,0.2852233676975945,0.30666666666666664,-0.046968413124323316,False,0.2887952500022948,30,False,856.0
sparse_er,14,94,0.0684931506849315,0.3321917808219178,0.05154639175257732,0.11683848797250859,0.14333333333333334,-0.2153532928494092,False,0.24053204199299216,25,True,812.0
sparse_er,15,185,0.0684931506849315,0.3321917808219178,0.07216494845360824,0.993127147766323,0.9933333333333333,0.6609353669444052,True,0.2647868749918416,26,True,1560.0
sparse_er,16,56,0.0684931506849315,0.3321917808219178,0.07560137457044673,0.993127147766323,0.9933333333333333,0.6609353669444052,True,0.18164724996313453,19,True,1560.0
sparse_er,17,1,0.0684931506849315,0.3321917808219178,0.07560137457044673,0.993127147766323,0.9933333333333333,0.6609353669444052,True,0.27048620802816004,29,True,1560.0
sparse_er,18,224,0.0684931506849315,0.3321917808219178,0.048109965635738834,0.1958762886597938,0.22,-0.136315492162124,False,0.28441899991594255,30,False,818.0
sparse_er,19,222,0.0684931506849315,0.3321917808219178,0.08247422680412371,0.993127147766323,0.9933333333333333,0.6609353669444052,True,0.21705425006803125,23,True,1560.0
sparse_er,20,30,0.0684931506849315,0.3321917808219178,0.07903780068728522,0.993127147766323,0.9933333333333333,0.6609353669444052,True,0.2667923750123009,26,True,1560.0
sparse_er,21,67,0.0684931506849315,0.3321917808219178,0.08934707903780069,1.0,1.0,0.6678082191780822,True,0.15500533406157047,16,True,1560.0
sparse_er,22,190,0.0684931506849315,0.3321917808219178,0.09278350515463918,1.0,1.0,0.6678082191780822,True,0.14314175001345575,15,True,1560.0
sparse_er,23,112,0.0684931506849315,0.3321917808219178,0.0859106529209622,1.0,1.0,0.6678082191780822,True,0.16459862503688782,17,True,1560.0
sparse_er,24,163,0.0684931506849315,0.3321917808219178,0.06872852233676977,1.0,1.0,0.6678082191780822,True,0.22891579195857048,24,True,1560.0
sparse_er,25,11,0.0684931506849315,0.3321917808219178,0.06872852233676977,0.25773195876288657,0.28,-0.07445982205903123,False,0.27130004100035876,27,True,870.0
sparse_er,26,237,0.0684931506849315,0.3321917808219178,0.07560137457044673,1.0,1.0,0.6678082191780822,True,0.1533562500262633,16,True,1560.0
sparse_er,27,290,0.0684931506849315,0.3321917808219178,0.07560137457044673,0.23024054982817868,0.25333333333333335,-0.10195123099373912,False,0.2839887080481276,30,False,858.0
sparse_er,28,126,0.0684931506849315,0.3321917808219178,0.07216494845360824,0.993127147766323,0.9933333333333333,0.6609353669444052,True,0.18169637501705438,19,True,1560.0
sparse_er,29,141,0.0684931506849315,0.3321917808219178,0.07216494845360824,0.993127147766323,0.9933333333333333,0.6609353669444052,True,0.21089845802634954,22,True,1560.0
sparse_er,30,297,0.0684931506849315,0.3321917808219178,0.08247422680412371,1.0,1.0,0.6678082191780822,True,0.17158299998845905,17,True,1560.0
sparse_er,31,261,0.0684931506849315,0.3321917808219178,0.06872852233676977,0.12027491408934708,0.14666666666666667,-0.2119168667325707,False,0.29326254199258983,30,False,818.0
sparse_er,32,274,0.0684931506849315,0.3321917808219178,0.07903780068728522,0.993127147766323,0.9933333333333333,0.6609353669444052,True,0.22062429203651845,23,True,1560.0
sparse_er,33,197,0.0684931506849315,0.3321917808219178,0.08247422680412371,0.3230240549828179,0.3433333333333333,-0.009167725839099916,False,0.28849691606592387,30,False,912.0
sparse_er,34,262,0.0684931506849315,0.3321917808219178,0.06872852233676977,0.2542955326460481,0.27666666666666667,-0.07789624817586971,False,0.2861923329764977,30,False,858.0
sparse_er,35,82,0.0684931506849315,0.3321917808219178,0.06872852233676977,0.436426116838488,0.4533333333333333,0.10423433601657017,False,0.28655479091685265,30,False,944.0
sparse_er,36,256,0.0684931506849315,0.3321917808219178,0.06529209621993128,0.993127147766323,0.9933333333333333,0.6609353669444052,True,0.2542233329731971,27,True,1560.0
sparse_er,37,12,0.0684931506849315,0.3321917808219178,0.0859106529209622,0.993127147766323,0.9933333333333333,0.6609353669444052,True,0.1826682920800522,19,True,1560.0
sparse_er,38,46,0.0684931506849315,0.3321917808219178,0.07560137457044673,1.0,1.0,0.6678082191780822,True,0.2830289580160752,30,False,1560.0
sparse_er,39,121,0.0684931506849315,0.3321917808219178,0.058419243986254296,0.10996563573883161,0.13666666666666666,-0.2222261450830862,False,0.22383795795030892,23,True,802.0
sparse_er,40,86,0.0684931506849315,0.3321917808219178,0.08247422680412371,0.993127147766323,0.9933333333333333,0.6609353669444052,True,0.147320874966681,15,True,1560.0
sparse_er,41,270,0.0684931506849315,0.3321917808219178,0.07216494845360824,1.0,1.0,0.6678082191780822,True,0.23992058401927352,25,True,1560.0
sparse_er,42,128,0.0684931506849315,0.3321917808219178,0.07903780068728522,1.0,1.0,0.6678082191780822,True,0.24036641709972173,25,True,1560.0
sparse_er,43,41,0.0684931506849315,0.3321917808219178,0.07560137457044673,0.993127147766323,0.9933333333333333,0.6609353669444052,True,0.1454334589652717,15,True,1560.0
sparse_er,44,146,0.0684931506849315,0.3321917808219178,0.09278350515463918,0.993127147766323,0.9933333333333333,0.6609353669444052,True,0.14301483402960002,15,True,1560.0
sparse_er,45,245,0.0684931506849315,0.3321917808219178,0.06872852233676977,0.993127147766323,0.9933333333333333,0.6609353669444052,True,0.2816800420405343,30,False,1560.0
sparse_er,46,214,0.0684931506849315,0.3321917808219178,0.06529209621993128,1.0,1.0,0.6678082191780822,True,0.2841512910090387,30,False,1560.0
sparse_er,47,48,0.0684931506849315,0.3321917808219178,0.07903780068728522,0.993127147766323,0.9933333333333333,0.6609353669444052,True,0.14683104190044105,15,True,1560.0
sparse_er,48,186,0.0684931506849315,0.3321917808219178,0.06872852233676977,0.2542955326460481,0.27666666666666667,-0.07789624817586971,False,0.2922003329731524,30,False,874.0
sparse_er,49,92,0.0684931506849315,0.3321917808219178,0.058419243986254296,0.993127147766323,0.9933333333333333,0.6609353669444052,True,0.1850058340933174,19,True,1560.0
sparse_er,50,226,0.0684931506849315,0.3321917808219178,0.07560137457044673,0.993127147766323,0.9933333333333333,0.6609353669444052,True,0.2516482500359416,26,True,1560.0
sparse_er,51,187,0.0684931506849315,0.3321917808219178,0.07560137457044673,1.0,1.0,0.6678082191780822,True,0.28966333298012614,30,True,1560.0
sparse_er,52,173,0.0684931506849315,0.3321917808219178,0.07903780068728522,1.0,1.0,0.6678082191780822,True,0.16735220793634653,17,True,1560.0
sparse_er,53,170,0.0684931506849315,0.3321917808219178,0.0859106529209622,0.993127147766323,0.9933333333333333,0.6609353669444052,True,0.14747937500942498,15,True,1560.0
sparse_er,54,142,0.0684931506849315,0.3321917808219178,0.08247422680412371,1.0,1.0,0.6678082191780822,True,0.16546341602224857,17,True,1560.0
sparse_er,55,117,0.0684931506849315,0.3321917808219178,0.07903780068728522,1.0,1.0,0.6678082191780822,True,0.2692242501070723,28,True,1560.0
sparse_er,56,174,0.0684931506849315,0.3321917808219178,0.08247422680412371,0.993127147766323,0.9933333333333333,0.6609353669444052,True,0.14909791597165167,15,True,1560.0
sparse_er,57,108,0.0684931506849315,0.3321917808219178,0.06872852233676977,1.0,1.0,0.6678082191780822,True,0.23766683298163116,25,True,1560.0
sparse_er,58,205,0.0684931506849315,0.3321917808219178,0.08934707903780069,0.18556701030927836,0.21,-0.14662477051263945,False,0.269979374948889,28,True,836.0
sparse_er,59,113,0.0684931506849315,0.3321917808219178,0.07216494845360824,0.3230240549828179,0.3433333333333333,-0.009167725839099916,False,0.29143733298406005,30,False,896.0
sparse_er,60,104,0.0684931506849315,0.3321917808219178,0.058419243986254296,0.1718213058419244,0.19666666666666666,-0.1603704749799934,False,0.1969030830077827,20,True,814.0
sparse_er,61,263,0.0684931506849315,0.3321917808219178,0.07903780068728522,1.0,1.0,0.6678082191780822,True,0.2764658749802038,29,True,1560.0
sparse_er,62,181,0.0684931506849315,0.3321917808219178,0.08247422680412371,0.993127147766323,0.9933333333333333,0.6609353669444052,True,0.181887042010203,19,True,1560.0
sparse_er,63,64,0.0684931506849315,0.3321917808219178,0.07903780068728522,1.0,1.0,0.6678082191780822,True,0.2401975420070812,25,True,1560.0
sparse_er,64,288,0.0684931506849315,0.3321917808219178,0.09621993127147767,0.993127147766323,0.9933333333333333,0.6609353669444052,True,0.18875870807096362,19,True,1560.0
sparse_er,65,74,0.0684931506849315,0.3321917808219178,0.08934707903780069,1.0,1.0,0.6678082191780822,True,0.23957866709679365,25,True,1560.0
sparse_er,66,219,0.0684931506849315,0.3321917808219178,0.06529209621993128,0.993127147766323,0.9933333333333333,0.6609353669444052,True,0.20242774998769164,21,True,1560.0
sparse_er,67,0,0.0684931506849315,0.3321917808219178,0.06529209621993128,0.993127147766323,0.9933333333333333,0.6609353669444052,True,0.15767316706478596,16,True,1560.0
sparse_er,68,72,0.0684931506849315,0.3321917808219178,0.061855670103092786,0.15120274914089346,0.17666666666666667,-0.18098903168102434,False,0.21943200007081032,22,True,816.0
sparse_er,69,131,0.0684931506849315,0.3321917808219178,0.06529209621993128,1.0,1.0,0.6678082191780822,True,0.22478070901706815,23,True,1560.0
sparse_er,70,136,0.0684931506849315,0.3321917808219178,0.061855670103092786,0.23367697594501718,0.25666666666666665,-0.09851480487690062,False,0.2053176669869572,21,True,826.0
sparse_er,71,147,0.0684931506849315,0.3321917808219178,0.06872852233676977,0.1958762886597938,0.22,-0.136315492162124,False,0.28741449990775436,30,False,830.0
sparse_er,72,280,0.0684931506849315,0.3321917808219178,0.07216494845360824,0.10309278350515463,0.13,-0.22909899731676317,False,0.21653583296574652,22,True,812.0
sparse_er,73,14,0.0684931506849315,0.3321917808219178,0.06872852233676977,1.0,1.0,0.6678082191780822,True,0.22424204205162823,23,True,1560.0
sparse_er,74,134,0.0684931506849315,0.3321917808219178,0.06529209621993128,0.15120274914089346,0.17666666666666667,-0.18098903168102434,False,0.2227991670370102,23,True,838.0
sparse_er,75,195,0.0684931506849315,0.3321917808219178,0.07216494845360824,0.16494845360824742,0.19,-0.16724332721367038,False,0.16542949993163347,17,True,820.0
sparse_er,76,90,0.0684931506849315,0.3321917808219178,0.061855670103092786,0.17869415807560138,0.20333333333333334,-0.15349762274631643,False,0.21277141699101776,22,True,824.0
sparse_er,77,22,0.0684931506849315,0.3321917808219178,0.06529209621993128,1.0,1.0,0.6678082191780822,True,0.285543791949749,30,True,1560.0
sparse_er,78,250,0.0684931506849315,0.3321917808219178,0.06529209621993128,0.2268041237113402,0.25,-0.1053876571105776,False,0.28836662496905774,30,False,848.0
sparse_er,79,37,0.0684931506849315,0.3321917808219178,0.06872852233676977,1.0,1.0,0.6678082191780822,True,0.27754658297635615,29,True,1560.0
sparse_er,81,110,0.0684931506849315,0.3321917808219178,0.06529209621993128,0.1718213058419244,0.19666666666666666,-0.1603704749799934,False,0.29059083305764943,30,False,826.0
sparse_er,82,284,0.0684931506849315,0.3321917808219178,0.058419243986254296,0.27147766323024053,0.29333333333333333,-0.060714117591677275,False,0.28004791704006493,29,True,866.0
sparse_er,83,71,0.0684931506849315,0.3321917808219178,0.06529209621993128,0.23711340206185566,0.26,-0.09507837876006214,False,0.1859551250236109,19,True,832.0
sparse_er,84,295,0.0684931506849315,0.3321917808219178,0.061855670103092786,0.48109965635738833,0.49666666666666665,0.14890787553547052,False,0.2881061660591513,30,False,988.0
sparse_er,85,178,0.0684931506849315,0.3321917808219178,0.07216494845360824,0.8213058419243986,0.8266666666666667,0.4891140611024808,False,0.28733129194006324,30,False,1260.0
sparse_er,86,242,0.0684931506849315,0.3321917808219178,0.07903780068728522,1.0,1.0,0.6678082191780822,True,0.21984050003811717,23,True,1560.0
sparse_er,87,249,0.0684931506849315,0.3321917808219178,0.061855670103092786,0.17869415807560138,0.20333333333333334,-0.15349762274631643,False,0.21260487497784197,22,True,828.0
sparse_er,88,60,0.0684931506849315,0.3321917808219178,0.07560137457044673,1.0,1.0,0.6678082191780822,True,0.21909766597673297,23,True,1560.0
sparse_er,89,168,0.0684931506849315,0.3321917808219178,0.07903780068728522,1.0,1.0,0.6678082191780822,True,0.2627046669367701,25,True,1560.0
sparse_er,90,206,0.0684931506849315,0.3321917808219178,0.07903780068728522,0.993127147766323,0.9933333333333333,0.6609353669444052,True,0.15741691598668694,16,True,1560.0
sparse_er,91,231,0.0684931506849315,0.3321917808219178,0.06529209621993128,0.07560137457044673,0.10333333333333333,-0.25659040625147106,False,0.22213270794600248,23,True,782.0
sparse_er,92,215,0.0684931506849315,0.3321917808219178,0.06872852233676977,0.993127147766323,0.9933333333333333,0.6609353669444052,True,0.18348050001077354,19,True,1560.0
sparse_er,93,13,0.0684931506849315,0.3321917808219178,0.07560137457044673,0.14776632302405499,0.17333333333333334,-0.18442545779786282,False,0.20651216700207442,20,True,812.0
sparse_er,94,281,0.0684931506849315,0.3321917808219178,0.06529209621993128,0.21649484536082475,0.24,-0.11569693546109305,False,0.27001258300151676,28,True,856.0
sparse_er,95,218,0.0684931506849315,0.3321917808219178,0.06872852233676977,1.0,1.0,0.6678082191780822,True,0.22809037496335804,24,True,1560.0
sparse_er,96,127,0.0684931506849315,0.3321917808219178,0.06872852233676977,0.1718213058419244,0.19666666666666666,-0.1603704749799934,False,0.2748404999729246,29,True,838.0
sparse_er,97,4,0.0684931506849315,0.3321917808219178,0.06872852233676977,0.2852233676975945,0.30666666666666664,-0.046968413124323316,False,0.2890342080499977,30,False,864.0
sparse_er,98,239,0.0684931506849315,0.3321917808219178,0.06872852233676977,0.993127147766323,0.9933333333333333,0.6609353669444052,True,0.2749391250545159,27,True,1560.0
sparse_er,99,83,0.0684931506849315,0.3321917808219178,0.06529209621993128,0.6597938144329897,0.67,0.3276020336110719,False,0.28694312495645136,30,False,1062.0
sparse_er,100,49,0.0684931506849315,0.3321917808219178,0.048109965635738834,0.07903780068728522,0.10666666666666667,-0.2531539801346326,False,0.24153229198418558,25,True,802.0
sparse_er,101,97,0.0684931506849315,0.3321917808219178,0.06529209621993128,0.9037800687285223,0.9066666666666666,0.5715882879066045,True,0.29991312499623746,30,False,1408.0
sparse_er,102,176,0.0684931506849315,0.3321917808219178,0.07903780068728522,0.993127147766323,0.9933333333333333,0.6609353669444052,True,0.20470045797992498,19,True,1560.0
sparse_er,103,89,0.0684931506849315,0.3321917808219178,0.061855670103092786,0.13745704467353953,0.16333333333333333,-0.19473473614837827,False,0.2431186669273302,25,True,808.0
sparse_er,104,43,0.0684931506849315,0.3321917808219178,0.07560137457044673,0.993127147766323,0.9933333333333333,0.6609353669444052,True,0.14515150000806898,15,True,1560.0
sparse_er,105,167,0.0684931506849315,0.3321917808219178,0.048109965635738834,0.09621993127147767,0.12333333333333334,-0.23597184955044015,False,0.2864576670108363,30,False,812.0
sparse_er,106,148,0.0684931506849315,0.3321917808219178,0.06529209621993128,1.0,1.0,0.6678082191780822,True,0.221541834063828,23,True,1560.0
sparse_er,107,77,0.0684931506849315,0.3321917808219178,0.06529209621993128,0.13058419243986255,0.15666666666666668,-0.20160758838205525,False,0.23366612498648465,24,True,830.0
sparse_er,108,36,0.0684931506849315,0.3321917808219178,0.06529209621993128,0.993127147766323,0.9933333333333333,0.6609353669444052,True,0.19494399998802692,20,True,1560.0
sparse_er,109,21,0.0684931506849315,0.3321917808219178,0.08247422680412371,0.993127147766323,0.9933333333333333,0.6609353669444052,True,0.17622083402238786,18,True,1560.0
sparse_er,110,277,0.0684931506849315,0.3321917808219178,0.06529209621993128,1.0,1.0,0.6678082191780822,True,0.2149462909437716,22,True,1560.0
sparse_er,111,61,0.0684931506849315,0.3321917808219178,0.058419243986254296,0.23367697594501718,0.25666666666666665,-0.09851480487690062,False,0.2863596660317853,30,False,866.0
sparse_er,112,210,0.0684931506849315,0.3321917808219178,0.058419243986254296,0.09621993127147767,0.12333333333333334,-0.23597184955044015,False,0.26997775002382696,28,True,788.0
sparse_er,113,40,0.0684931506849315,0.3321917808219178,0.06872852233676977,0.29553264604810997,0.31666666666666665,-0.03665913477380783,False,0.28835833293851465,30,False,872.0
sparse_er,114,58,0.0684931506849315,0.3321917808219178,0.061855670103092786,0.25773195876288657,0.28,-0.07445982205903123,False,0.2943804160458967,30,False,858.0
sparse_er,115,257,0.0684931506849315,0.3321917808219178,0.044673539518900345,0.12371134020618557,0.15,-0.20848044061573223,False,0.2927423750516027,30,False,804.0
sparse_er,116,243,0.0684931506849315,0.3321917808219178,0.044673539518900345,0.16838487972508592,0.19333333333333333,-0.16380690109683188,False,0.2191265420988202,22,True,812.0
sparse_er,117,102,0.0684931506849315,0.3321917808219178,0.07216494845360824,0.5189003436426117,0.5333333333333333,0.18670856282069392,False,0.2906296249711886,30,False,998.0
sparse_er,118,188,0.0684931506849315,0.3321917808219178,0.061855670103092786,0.5738831615120275,0.5866666666666667,0.24169138069010965,False,0.28888050001114607,30,False,1006.0
sparse_er,119,18,0.0684931506849315,0.3321917808219178,0.058419243986254296,0.17869415807560138,0.20333333333333334,-0.15349762274631643,False,0.2925143330357969,30,False,818.0
sparse_er,120,88,0.0684931506849315,0.3321917808219178,0.06529209621993128,0.18556701030927836,0.21,-0.14662477051263945,False,0.28950370801612735,30,True,858.0
sparse_er,121,193,0.0684931506849315,0.3321917808219178,0.05154639175257732,0.15120274914089346,0.17666666666666667,-0.18098903168102434,False,0.2881980000529438,30,True,842.0
sparse_er,122,259,0.0684931506849315,0.3321917808219178,0.058419243986254296,1.0,1.0,0.6678082191780822,True,0.22066462505608797,23,True,1560.0
sparse_er,123,221,0.0684931506849315,0.3321917808219178,0.058419243986254296,0.14432989690721648,0.17,-0.18786188391470132,False,0.28732849995139986,30,False,834.0
sparse_er,124,63,0.0684931506849315,0.3321917808219178,0.07560137457044673,0.993127147766323,0.9933333333333333,0.6609353669444052,True,0.17453954194206744,18,True,1560.0
sparse_er,126,264,0.0684931506849315,0.3321917808219178,0.058419243986254296,0.5395189003436426,0.5533333333333333,0.20732711952172478,False,0.29024941695388407,30,False,964.0
sparse_er,127,53,0.0684931506849315,0.3321917808219178,0.061855670103092786,0.993127147766323,0.9933333333333333,0.6609353669444052,True,0.24230233300477266,25,True,1560.0
sparse_er,128,182,0.0684931506849315,0.3321917808219178,0.058419243986254296,0.1718213058419244,0.19666666666666666,-0.1603704749799934,False,0.29460708296392113,30,False,834.0
sparse_er,129,145,0.0684931506849315,0.3321917808219178,0.07216494845360824,0.23367697594501718,0.25666666666666665,-0.09851480487690062,False,0.28725808300077915,30,False,860.0
sparse_er,130,115,0.0684931506849315,0.3321917808219178,0.07216494845360824,1.0,1.0,0.6678082191780822,True,0.20089579198975116,21,True,1560.0
sparse_er,131,44,0.0684931506849315,0.3321917808219178,0.07903780068728522,0.993127147766323,0.9933333333333333,0.6609353669444052,True,0.1922512500314042,19,True,1560.0
sparse_er,132,296,0.0684931506849315,0.3321917808219178,0.06872852233676977,1.0,1.0,0.6678082191780822,True,0.21313933294732124,22,True,1560.0
sparse_er,133,229,0.0684931506849315,0.3321917808219178,0.06872852233676977,1.0,1.0,0.6678082191780822,True,0.22783445799723268,23,True,1560.0
sparse_er,134,162,0.0684931506849315,0.3321917808219178,0.061855670103092786,0.14432989690721648,0.17,-0.18786188391470132,False,0.27298645803239197,28,True,828.0
sparse_er,135,154,0.0684931506849315,0.3321917808219178,0.054982817869415807,0.12027491408934708,0.14666666666666667,-0.2119168667325707,False,0.2919980000006035,30,False,814.0
sparse_er,136,208,0.0684931506849315,0.3321917808219178,0.061855670103092786,0.14776632302405499,0.17333333333333334,-0.18442545779786282,False,0.27797783399000764,29,True,844.0
sparse_er,137,45,0.0684931506849315,0.3321917808219178,0.06529209621993128,0.13058419243986255,0.15666666666666668,-0.20160758838205525,False,0.21521649998612702,22,True,816.0
sparse_er,138,23,0.0684931506849315,0.3321917808219178,0.054982817869415807,0.16494845360824742,0.19,-0.16724332721367038,False,0.2941068339860067,30,False,832.0
sparse_er,140,26,0.0684931506849315,0.3321917808219178,0.06872852233676977,0.993127147766323,0.9933333333333333,0.6609353669444052,True,0.15943337499629706,16,True,1560.0
sparse_er,141,232,0.0684931506849315,0.3321917808219178,0.06872852233676977,0.40893470790378006,0.4266666666666667,0.07674292708186226,False,0.28860062500461936,30,False,896.0
sparse_er,142,282,0.0684931506849315,0.3321917808219178,0.07216494845360824,0.993127147766323,0.9933333333333333,0.6609353669444052,True,0.28721850004512817,30,False,1560.0
sparse_er,143,42,0.0684931506849315,0.3321917808219178,0.05154639175257732,0.08934707903780069,0.11666666666666667,-0.2428447017841171,False,0.2604819580446929,27,True,798.0
sparse_er,144,76,0.0684931506849315,0.3321917808219178,0.0859106529209622,1.0,1.0,0.6678082191780822,True,0.20369937492068857,21,True,1560.0
sparse_er,145,255,0.0684931506849315,0.3321917808219178,0.058419243986254296,0.3848797250859107,0.4033333333333333,0.05268794426399287,False,0.29131645802408457,30,False,900.0
sparse_er,146,75,0.0684931506849315,0.3321917808219178,0.058419243986254296,0.2268041237113402,0.25,-0.1053876571105776,False,0.25163233291823417,26,True,856.0
sparse_er,147,25,0.0684931506849315,0.3321917808219178,0.06529209621993128,0.10996563573883161,0.13666666666666666,-0.2222261450830862,False,0.22597154194954783,23,True,794.0
sparse_er,148,62,0.0684931506849315,0.3321917808219178,0.06872852233676977,0.27491408934707906,0.2966666666666667,-0.05727769147483874,False,0.2907668330008164,30,False,872.0
sparse_er,149,160,0.0684931506849315,0.3321917808219178,0.07216494845360824,1.0,1.0,0.6678082191780822,True,0.2870438329409808,30,False,1560.0
sparse_er,150,292,0.0684931506849315,0.3321917808219178,0.06529209621993128,0.5567010309278351,0.57,0.22450925010591727,False,0.28719529195223004,30,False,990.0
sparse_er,151,39,0.0684931506849315,0.3321917808219178,0.06872852233676977,0.13745704467353953,0.16333333333333333,-0.19473473614837827,False,0.2235128750326112,23,True,828.0
sparse_er,152,19,0.0684931506849315,0.3321917808219178,0.07560137457044673,0.993127147766323,0.9933333333333333,0.6609353669444052,True,0.1580161249730736,16,True,1560.0
sparse_er,153,85,0.0684931506849315,0.3321917808219178,0.06872852233676977,0.41580756013745707,0.43333333333333335,0.08361577931553926,False,0.2916142500471324,30,False,924.0
sparse_er,154,272,0.0684931506849315,0.3321917808219178,0.054982817869415807,0.20962199312714777,0.23333333333333334,-0.12256978769477003,False,0.1800532500492409,18,True,834.0
sparse_er,155,130,0.0684931506849315,0.3321917808219178,0.06872852233676977,1.0,1.0,0.6678082191780822,True,0.29581854201387614,30,False,1560.0
sparse_er,156,269,0.0684931506849315,0.3321917808219178,0.058419243986254296,0.20618556701030927,0.23,-0.12600621381160854,False,0.27977216604631394,29,True,858.0
sparse_er,157,184,0.0684931506849315,0.3321917808219178,0.07903780068728522,0.30584192439862545,0.32666666666666666,-0.02634985642329235,False,0.23145320801995695,24,True,892.0
sparse_er,158,180,0.0684931506849315,0.3321917808219178,0.06872852233676977,0.3333333333333333,0.35333333333333333,0.0011415525114155112,False,0.293336792034097,30,False,892.0
sparse_er,159,51,0.0684931506849315,0.3321917808219178,0.07216494845360824,1.0,1.0,0.6678082191780822,True,0.2716391660505906,26,True,1560.0
sparse_er,160,16,0.0684931506849315,0.3321917808219178,0.07560137457044673,0.422680412371134,0.44,0.09048863154921621,False,0.28805699991062284,30,False,938.0
sparse_er,161,156,0.0684931506849315,0.3321917808219178,0.054982817869415807,0.17869415807560138,0.20333333333333334,-0.15349762274631643,False,0.22408616705797613,23,True,818.0
sparse_er,162,201,0.0684931506849315,0.3321917808219178,0.054982817869415807,0.12371134020618557,0.15,-0.20848044061573223,False,0.28894429199863225,30,True,818.0
sparse_er,163,286,0.0684931506849315,0.3321917808219178,0.07216494845360824,1.0,1.0,0.6678082191780822,True,0.29916458297520876,29,True,1560.0
sparse_er,164,79,0.0684931506849315,0.3321917808219178,0.054982817869415807,0.28865979381443296,0.31,-0.04353198700748484,False,0.2884602500125766,30,False,860.0
sparse_er,165,267,0.0684931506849315,0.3321917808219178,0.07216494845360824,0.2611683848797251,0.2833333333333333,-0.0710233959421927,False,0.3064906660001725,30,False,846.0
sparse_er,166,106,0.0684931506849315,0.3321917808219178,0.054982817869415807,1.0,1.0,0.6678082191780822,True,0.2523832080187276,26,True,1560.0
sparse_er,167,273,0.0684931506849315,0.3321917808219178,0.07903780068728522,0.21993127147766323,0.24333333333333335,-0.11226050934425458,False,0.2864586659707129,30,False,832.0
sparse_er,168,279,0.0684931506849315,0.3321917808219178,0.06529209621993128,1.0,1.0,0.6678082191780822,True,0.30004050000570714,30,False,1560.0
sparse_er,169,7,0.0684931506849315,0.3321917808219178,0.07560137457044673,0.993127147766323,0.9933333333333333,0.6609353669444052,True,0.2450745840324089,25,True,1560.0
sparse_er,170,17,0.0684931506849315,0.3321917808219178,0.06872852233676977,0.993127147766323,0.9933333333333333,0.6609353669444052,True,0.28602183295879513,30,False,1560.0
sparse_er,171,47,0.0684931506849315,0.3321917808219178,0.061855670103092786,0.993127147766323,0.9933333333333333,0.6609353669444052,True,0.1941185420146212,20,True,1560.0
sparse_er,172,103,0.0684931506849315,0.3321917808219178,0.07560137457044673,1.0,1.0,0.6678082191780822,True,0.175122500048019,18,True,1560.0
sparse_er,173,29,0.0684931506849315,0.3321917808219178,0.07216494845360824,0.14432989690721648,0.17,-0.18786188391470132,False,0.28960541693959385,30,False,816.0
sparse_er,174,3,0.0684931506849315,0.3321917808219178,0.058419243986254296,0.13745704467353953,0.16333333333333333,-0.19473473614837827,False,0.1964799159904942,20,True,806.0
sparse_er,175,228,0.0684931506849315,0.3321917808219178,0.07903780068728522,1.0,1.0,0.6678082191780822,True,0.17655241605825722,18,True,1560.0
sparse_er,176,169,0.0684931506849315,0.3321917808219178,0.05154639175257732,0.16151202749140894,0.18666666666666668,-0.17067975333050886,False,0.2551132079679519,26,True,822.0
sparse_er,177,100,0.0684931506849315,0.3321917808219178,0.06529209621993128,1.0,1.0,0.6678082191780822,True,0.25317633291706443,26,True,1560.0
sparse_er,178,207,0.0684931506849315,0.3321917808219178,0.06529209621993128,0.140893470790378,0.16666666666666666,-0.1912983100315398,False,0.2965597090078518,30,False,812.0
sparse_er,179,10,0.0684931506849315,0.3321917808219178,0.07560137457044673,0.20962199312714777,0.23333333333333334,-0.12256978769477003,False,0.27073712495621294,28,True,852.0
sparse_er,180,283,0.0684931506849315,0.3321917808219178,0.06872852233676977,1.0,1.0,0.6678082191780822,True,0.22641987493261695,23,True,1560.0
sparse_er,181,122,0.0684931506849315,0.3321917808219178,0.07216494845360824,1.0,1.0,0.6678082191780822,True,0.29334774997550994,30,True,1560.0
sparse_er,182,275,0.0684931506849315,0.3321917808219178,0.07216494845360824,1.0,1.0,0.6678082191780822,True,0.1772403750801459,18,True,1560.0
sparse_er,183,278,0.0684931506849315,0.3321917808219178,0.058419243986254296,0.993127147766323,0.9933333333333333,0.6609353669444052,True,0.2695710000116378,28,True,1560.0
sparse_er,184,268,0.0684931506849315,0.3321917808219178,0.07903780068728522,1.0,1.0,0.6678082191780822,True,0.13819520792458206,14,True,1560.0
sparse_er,185,248,0.0684931506849315,0.3321917808219178,0.07560137457044673,0.993127147766323,0.9933333333333333,0.6609353669444052,True,0.15780174999963492,16,True,1560.0
sparse_er,186,143,0.0684931506849315,0.3321917808219178,0.08247422680412371,1.0,1.0,0.6678082191780822,True,0.17521250003483146,18,True,1560.0
sparse_er,187,235,0.0684931506849315,0.3321917808219178,0.06529209621993128,0.23024054982817868,0.25333333333333335,-0.10195123099373912,False,0.25273833295796067,26,True,842.0
sparse_er,188,291,0.0684931506849315,0.3321917808219178,0.06872852233676977,1.0,1.0,0.6678082191780822,True,0.17858200008049607,18,True,1560.0
sparse_er,189,140,0.0684931506849315,0.3321917808219178,0.058419243986254296,0.1718213058419244,0.19666666666666666,-0.1603704749799934,False,0.1896741669625044,19,True,824.0
sparse_er,190,8,0.0684931506849315,0.3321917808219178,0.048109965635738834,0.21649484536082475,0.24,-0.11569693546109305,False,0.24743083294015378,25,True,858.0
sparse_er,191,298,0.0684931506849315,0.3321917808219178,0.058419243986254296,0.13745704467353953,0.16333333333333333,-0.19473473614837827,False,0.2158985830610618,22,True,824.0
sparse_er,192,123,0.0684931506849315,0.3321917808219178,0.07216494845360824,0.993127147766323,0.9933333333333333,0.6609353669444052,True,0.18449474999215454,19,True,1560.0
sparse_er,193,101,0.0684931506849315,0.3321917808219178,0.054982817869415807,0.13058419243986255,0.15666666666666668,-0.20160758838205525,False,0.22770783305168152,23,True,828.0
sparse_er,194,6,0.0684931506849315,0.3321917808219178,0.06529209621993128,0.12027491408934708,0.14666666666666667,-0.2119168667325707,False,0.2010807089973241,20,True,820.0
sparse_er,195,230,0.0684931506849315,0.3321917808219178,0.05154639175257732,0.13058419243986255,0.15666666666666668,-0.20160758838205525,False,0.29428049991838634,30,False,830.0
sparse_er,196,98,0.0684931506849315,0.3321917808219178,0.06529209621993128,0.3642611683848797,0.38333333333333336,0.032069387562961904,False,0.29116079199593514,30,False,936.0
sparse_er,197,54,0.0684931506849315,0.3321917808219178,0.0859106529209622,1.0,1.0,0.6678082191780822,True,0.16737220901995897,17,True,1560.0
sparse_er,198,99,0.0684931506849315,0.3321917808219178,0.061855670103092786,1.0,1.0,0.6678082191780822,True,0.25131249998230487,26,True,1560.0
sparse_er,199,177,0.0684931506849315,0.3321917808219178,0.061855670103092786,1.0,1.0,0.6678082191780822,True,0.2544573340564966,26,True,1560.0
sparse_er,200,241,0.0684931506849315,0.3321917808219178,0.08247422680412371,1.0,1.0,0.6678082191780822,True,0.2502314579905942,25,True,1560.0
sparse_er,201,109,0.0684931506849315,0.3321917808219178,0.08247422680412371,1.0,1.0,0.6678082191780822,True,0.16949720901902765,17,True,1560.0
sparse_er,202,192,0.0684931506849315,0.3321917808219178,0.06872852233676977,0.993127147766323,0.9933333333333333,0.6609353669444052,True,0.23564795893616974,24,True,1560.0
sparse_er,203,78,0.0684931506849315,0.3321917808219178,0.058419243986254296,0.14776632302405499,0.17333333333333334,-0.18442545779786282,False,0.3080058750929311,30,False,838.0
sparse_er,204,87,0.0684931506849315,0.3321917808219178,0.054982817869415807,0.17869415807560138,0.20333333333333334,-0.15349762274631643,False,0.3003055830486119,30,False,826.0
sparse_er,205,9,0.0684931506849315,0.3321917808219178,0.058419243986254296,1.0,1.0,0.6678082191780822,True,0.30443108396138996,26,True,1560.0
sparse_er,206,161,0.0684931506849315,0.3321917808219178,0.048109965635738834,0.1134020618556701,0.14,-0.21878971896624771,False,0.30775262508541346,30,False,830.0
sparse_er,207,153,0.0684931506849315,0.3321917808219178,0.06872852233676977,0.29896907216494845,0.32,-0.03322270865696936,False,0.29283683304674923,29,True,892.0
sparse_er,208,57,0.0684931506849315,0.3321917808219178,0.06529209621993128,0.29896907216494845,0.32,-0.03322270865696936,False,0.2965332920430228,30,False,884.0
sparse_er,209,293,0.0684931506849315,0.3321917808219178,0.061855670103092786,0.18213058419243985,0.20666666666666667,-0.15006119662947795,False,0.2929804170271382,30,False,824.0
sparse_er,210,258,0.0684931506849315,0.3321917808219178,0.058419243986254296,0.993127147766323,0.9933333333333333,0.6609353669444052,True,0.27787254203576595,28,True,1560.0
sparse_er,211,171,0.0684931506849315,0.3321917808219178,0.06529209621993128,0.2508591065292096,0.2733333333333333,-0.08133267429270818,False,0.29449604195542634,30,False,872.0
sparse_er,212,152,0.0684931506849315,0.3321917808219178,0.054982817869415807,0.30927835051546393,0.33,-0.022913430306453875,False,0.2942662090063095,30,False,890.0
sparse_er,213,216,0.0684931506849315,0.3321917808219178,0.07560137457044673,1.0,1.0,0.6678082191780822,True,0.25660662504378706,26,True,1560.0
sparse_er,214,202,0.0684931506849315,0.3321917808219178,0.06529209621993128,0.16838487972508592,0.19333333333333333,-0.16380690109683188,False,0.2389388340525329,24,True,832.0
sparse_er,215,191,0.0684931506849315,0.3321917808219178,0.05154639175257732,0.12371134020618557,0.15,-0.20848044061573223,False,0.293301000026986,30,False,832.0
sparse_er,216,203,0.0684931506849315,0.3321917808219178,0.06872852233676977,1.0,1.0,0.6678082191780822,True,0.2896770420484245,30,True,1560.0
sparse_er,217,125,0.0684931506849315,0.3321917808219178,0.0859106529209622,1.0,1.0,0.6678082191780822,True,0.16890045802574605,17,True,1560.0
sparse_er,218,91,0.0684931506849315,0.3321917808219178,0.06872852233676977,0.9862542955326461,0.9866666666666667,0.6540625147107283,True,0.2916139579610899,30,False,1550.0
sparse_er,219,38,0.0684931506849315,0.3321917808219178,0.061855670103092786,0.1134020618556701,0.14,-0.21878971896624771,False,0.23600362497381866,24,True,822.0
sparse_er,220,35,0.0684931506849315,0.3321917808219178,0.05154639175257732,1.0,1.0,0.6678082191780822,True,0.2527554170228541,26,True,1560.0
sparse_er,221,155,0.0684931506849315,0.3321917808219178,0.061855670103092786,0.2852233676975945,0.30666666666666664,-0.046968413124323316,False,0.2981449590297416,30,False,882.0
sparse_er,222,200,0.0684931506849315,0.3321917808219178,0.07560137457044673,0.993127147766323,0.9933333333333333,0.6609353669444052,True,0.19862758403178304,20,True,1560.0
sparse_er,223,252,0.0684931506849315,0.3321917808219178,0.054982817869415807,0.16151202749140894,0.18666666666666668,-0.17067975333050886,False,0.2471656670095399,25,True,828.0
sparse_er,224,24,0.0684931506849315,0.3321917808219178,0.058419243986254296,0.24742268041237114,0.27,-0.08476910040954666,False,0.302927833981812,30,False,860.0
sparse_er,225,80,0.0684931506849315,0.3321917808219178,0.054982817869415807,0.281786941580756,0.30333333333333334,-0.05040483924116179,False,0.31355316704139113,30,False,876.0
sparse_er,226,150,0.0684931506849315,0.3321917808219178,0.06872852233676977,0.993127147766323,0.9933333333333333,0.6609353669444052,True,0.20268187497276813,20,True,1560.0
sparse_er,227,96,0.0684931506849315,0.3321917808219178,0.05154639175257732,0.21649484536082475,0.24,-0.11569693546109305,False,0.23614420800004154,24,True,862.0
sparse_er,228,265,0.0684931506849315,0.3321917808219178,0.08247422680412371,1.0,1.0,0.6678082191780822,True,0.14065333304461092,14,True,1560.0
sparse_er,229,240,0.0684931506849315,0.3321917808219178,0.058419243986254296,0.17869415807560138,0.20333333333333334,-0.15349762274631643,False,0.2980736249592155,30,False,868.0
sparse_er,230,5,0.0684931506849315,0.3321917808219178,0.048109965635738834,0.06872852233676977,0.09666666666666666,-0.26346325848514807,False,0.24347275006584823,25,True,808.0
sparse_er,232,15,0.0684931506849315,0.3321917808219178,0.054982817869415807,0.09965635738831616,0.12666666666666668,-0.23253542343360165,False,0.2528647920116782,26,True,802.0
sparse_er,233,271,0.0684931506849315,0.3321917808219178,0.058419243986254296,0.27147766323024053,0.29333333333333333,-0.060714117591677275,False,0.2415417080046609,25,True,870.0
sparse_er,234,276,0.0684931506849315,0.3321917808219178,0.06872852233676977,0.23711340206185566,0.26,-0.09507837876006214,False,0.30210800003260374,30,False,868.0
sparse_er,236,31,0.0684931506849315,0.3321917808219178,0.054982817869415807,0.12371134020618557,0.15,-0.20848044061573223,False,0.21601554204244167,22,True,814.0
sparse_er,237,133,0.0684931506849315,0.3321917808219178,0.07560137457044673,0.9381443298969072,0.94,0.6059525490749894,True,0.28873387502972037,30,False,1484.0
sparse_er,238,135,0.0684931506849315,0.3321917808219178,0.044673539518900345,0.07903780068728522,0.10666666666666667,-0.2531539801346326,False,0.18987741705495864,19,True,782.0
sparse_er,239,246,0.0684931506849315,0.3321917808219178,0.07560137457044673,1.0,1.0,0.6678082191780822,True,0.22984737495426089,22,True,1560.0
sparse_er,240,119,0.0684931506849315,0.3321917808219178,0.058419243986254296,0.2611683848797251,0.2833333333333333,-0.0710233959421927,False,0.20699820900335908,21,True,850.0
sparse_er,241,151,0.0684931506849315,0.3321917808219178,0.06529209621993128,0.16494845360824742,0.19,-0.16724332721367038,False,0.2892103340709582,30,False,812.0
sparse_er,242,68,0.0684931506849315,0.3321917808219178,0.061855670103092786,0.9862542955326461,0.9866666666666667,0.6540625147107283,True,0.2869387920945883,30,False,1554.0
sparse_er,243,189,0.0684931506849315,0.3321917808219178,0.06529209621993128,0.24742268041237114,0.27,-0.08476910040954666,False,0.26008833304513246,25,True,860.0
sparse_er,244,107,0.0684931506849315,0.3321917808219178,0.07903780068728522,1.0,1.0,0.6678082191780822,True,0.21695070806890726,22,True,1560.0
sparse_er,245,73,0.0684931506849315,0.3321917808219178,0.054982817869415807,0.5395189003436426,0.5533333333333333,0.20732711952172478,False,0.29105629201512784,30,False,1010.0
sparse_er,246,20,0.0684931506849315,0.3321917808219178,0.058419243986254296,0.13058419243986255,0.15666666666666668,-0.20160758838205525,False,0.24387150001712143,25,True,816.0
sparse_er,247,93,0.0684931506849315,0.3321917808219178,0.061855670103092786,0.281786941580756,0.30333333333333334,-0.05040483924116179,False,0.2898299159714952,30,False,882.0
sparse_er,248,260,0.0684931506849315,0.3321917808219178,0.054982817869415807,0.20962199312714777,0.23333333333333334,-0.12256978769477003,False,0.2568356250412762,26,True,838.0
sparse_er,249,225,0.0684931506849315,0.3321917808219178,0.061855670103092786,0.2508591065292096,0.2733333333333333,-0.08133267429270818,False,0.24719470797572285,25,True,866.0
sparse_er,250,294,0.0684931506849315,0.3321917808219178,0.061855670103092786,0.10996563573883161,0.13666666666666666,-0.2222261450830862,False,0.1907777499873191,19,True,788.0
sparse_er,251,223,0.0684931506849315,0.3321917808219178,0.06529209621993128,1.0,1.0,0.6678082191780822,True,0.25544533296488225,26,True,1560.0
sparse_er,252,159,0.0684931506849315,0.3321917808219178,0.054982817869415807,0.10652920962199312,0.13333333333333333,-0.22566257119992467,False,0.1432079590158537,14,True,798.0
sparse_er,253,247,0.0684931506849315,0.3321917808219178,0.06529209621993128,0.2027491408934708,0.22666666666666666,-0.129442639928447,False,0.291143957991153,30,False,838.0
sparse_er,254,299,0.0684931506849315,0.3321917808219178,0.07216494845360824,0.993127147766323,0.9933333333333333,0.6609353669444052,True,0.23333204200025648,24,True,1560.0
sparse_er,255,66,0.0684931506849315,0.3321917808219178,0.07560137457044673,1.0,1.0,0.6678082191780822,True,0.13879637501668185,14,True,1560.0
sparse_er,256,65,0.0684931506849315,0.3321917808219178,0.054982817869415807,0.06872852233676977,0.09666666666666666,-0.26346325848514807,False,0.3022328750230372,30,False,798.0
sparse_er,257,217,0.0684931506849315,0.3321917808219178,0.054982817869415807,0.140893470790378,0.16666666666666666,-0.1912983100315398,False,0.19193658290896565,19,True,810.0
sparse_er,258,105,0.0684931506849315,0.3321917808219178,0.058419243986254296,0.21993127147766323,0.24333333333333335,-0.11226050934425458,False,0.2955029159784317,30,False,862.0
sparse_er,259,70,0.0684931506849315,0.3321917808219178,0.07216494845360824,1.0,1.0,0.6678082191780822,True,0.1784817089792341,18,True,1560.0
sparse_er,260,114,0.0684931506849315,0.3321917808219178,0.06872852233676977,0.993127147766323,0.9933333333333333,0.6609353669444052,True,0.26924304105341434,28,True,1560.0
sparse_er,261,33,0.0684931506849315,0.3321917808219178,0.07903780068728522,1.0,1.0,0.6678082191780822,True,0.17566287505906075,18,True,1560.0
sparse_er,262,55,0.0684931506849315,0.3321917808219178,0.05154639175257732,0.21649484536082475,0.24,-0.11569693546109305,False,0.28334541607182473,29,True,846.0
sparse_er,263,157,0.0684931506849315,0.3321917808219178,0.07560137457044673,0.5051546391752577,0.52,0.1729628583533399,False,0.2918007499538362,30,False,980.0
sparse_er,264,69,0.0684931506849315,0.3321917808219178,0.061855670103092786,0.2027491408934708,0.22666666666666666,-0.129442639928447,False,0.2938147080130875,30,False,872.0
sparse_er,265,266,0.0684931506849315,0.3321917808219178,0.06529209621993128,0.13058419243986255,0.15666666666666668,-0.20160758838205525,False,0.2927411670098081,30,False,816.0
sparse_er,266,166,0.0684931506849315,0.3321917808219178,0.058419243986254296,0.10309278350515463,0.13,-0.22909899731676317,False,0.272036875016056,28,True,810.0
sparse_er,267,2,0.0684931506849315,0.3321917808219178,0.058419243986254296,0.24742268041237114,0.27,-0.08476910040954666,False,0.290342333028093,30,False,864.0
sparse_er,268,227,0.0684931506849315,0.3321917808219178,0.07216494845360824,1.0,1.0,0.6678082191780822,True,0.21217041707132012,22,True,1560.0
sparse_er,269,238,0.0684931506849315,0.3321917808219178,0.06529209621993128,0.993127147766323,0.9933333333333333,0.6609353669444052,True,0.19923812500201166,20,True,1560.0
sparse_er,270,111,0.0684931506849315,0.3321917808219178,0.058419243986254296,0.2027491408934708,0.22666666666666666,-0.129442639928447,False,0.29440504196099937,30,False,834.0
sparse_er,271,95,0.0684931506849315,0.3321917808219178,0.061855670103092786,0.993127147766323,0.9933333333333333,0.6609353669444052,True,0.2734347080113366,28,True,1560.0
sparse_er,272,120,0.0684931506849315,0.3321917808219178,0.058419243986254296,0.18213058419243985,0.20666666666666667,-0.15006119662947795,False,0.25513708393555135,26,True,842.0
sparse_er,273,118,0.0684931506849315,0.3321917808219178,0.06529209621993128,0.0859106529209622,0.11333333333333333,-0.2462811279009556,False,0.21929100004490465,22,True,784.0
sparse_er,274,164,0.0684931506849315,0.3321917808219178,0.07216494845360824,0.35738831615120276,0.37666666666666665,0.025196535329284953,False,0.25704912503715605,26,True,914.0
sparse_er,275,213,0.0684931506849315,0.3321917808219178,0.058419243986254296,0.24742268041237114,0.27,-0.08476910040954666,False,0.2933882080251351,30,False,864.0
sparse_er,276,220,0.0684931506849315,0.3321917808219178,0.061855670103092786,0.13058419243986255,0.15666666666666668,-0.20160758838205525,False,0.3037818750599399,30,False,798.0
sparse_er,277,149,0.0684931506849315,0.3321917808219178,0.07560137457044673,0.23024054982817868,0.25333333333333335,-0.10195123099373912,False,0.29078224999830127,30,False,848.0
sparse_er,278,59,0.0684931506849315,0.3321917808219178,0.058419243986254296,0.5876288659793815,0.6,0.25543708515746366,False,0.29121333395596594,30,False,1066.0
sparse_er,279,285,0.0684931506849315,0.3321917808219178,0.06529209621993128,0.30584192439862545,0.32666666666666666,-0.02634985642329235,False,0.26894541701767594,27,True,892.0
sparse_er,280,137,0.0684931506849315,0.3321917808219178,0.07216494845360824,1.0,1.0,0.6678082191780822,True,0.2171942499699071,22,True,1560.0
sparse_er,281,212,0.0684931506849315,0.3321917808219178,0.058419243986254296,0.06529209621993128,0.09333333333333334,-0.26689968460198654,False,0.2552881248993799,26,True,804.0
sparse_er,282,81,0.0684931506849315,0.3321917808219178,0.054982817869415807,0.07216494845360824,0.1,-0.2600268323683096,False,0.24550054199062288,25,True,814.0
sparse_er,283,196,0.0684931506849315,0.3321917808219178,0.06529209621993128,0.3230240549828179,0.3433333333333333,-0.009167725839099916,False,0.2920989580452442,30,False,910.0
sparse_er,286,84,0.0684931506849315,0.3321917808219178,0.06529209621993128,0.17525773195876287,0.2,-0.15693404886315493,False,0.254692375077866,26,True,840.0
sparse_er,288,233,0.0684931506849315,0.3321917808219178,0.06529209621993128,0.32646048109965636,0.3466666666666667,-0.00573129972226144,False,0.29633845889475197,30,False,894.0
sparse_er,289,199,0.0684931506849315,0.3321917808219178,0.048109965635738834,0.0859106529209622,0.11333333333333333,-0.2462811279009556,False,0.2373581250431016,24,True,798.0
sparse_er,290,139,0.0684931506849315,0.3321917808219178,0.058419243986254296,0.14432989690721648,0.17,-0.18786188391470132,False,0.2532770410180092,26,True,822.0
sparse_er,291,129,0.0684931506849315,0.3321917808219178,0.06872852233676977,0.993127147766323,0.9933333333333333,0.6609353669444052,True,0.2448214169126004,25,True,1560.0
sparse_er,292,27,0.0684931506849315,0.3321917808219178,0.061855670103092786,0.35051546391752575,0.37,0.018323683095607946,False,0.29459370800759643,30,False,890.0
sparse_er,293,144,0.0684931506849315,0.3321917808219178,0.058419243986254296,0.5223367697594502,0.5366666666666666,0.1901449889375324,False,0.2940038749948144,30,False,988.0
sparse_er,294,124,0.0684931506849315,0.3321917808219178,0.058419243986254296,0.10996563573883161,0.13666666666666666,-0.2222261450830862,False,0.25358854106161743,25,True,806.0
sparse_er,295,34,0.0684931506849315,0.3321917808219178,0.061855670103092786,0.29896907216494845,0.32,-0.03322270865696936,False,0.24795129196718335,25,True,884.0
sparse_er,296,52,0.0684931506849315,0.3321917808219178,0.058419243986254296,0.26804123711340205,0.29,-0.06415054370851575,False,0.27735720796044916,27,True,890.0
sparse_er,297,211,0.0684931506849315,0.3321917808219178,0.06872852233676977,0.993127147766323,0.9933333333333333,0.6609353669444052,True,0.24909612501505762,24,True,1560.0
sparse_er,298,234,0.0684931506849315,0.3321917808219178,0.07216494845360824,0.19931271477663232,0.22333333333333333,-0.1328790660452855,False,0.29577370802871883,30,False,854.0
sparse_er,299,204,0.0684931506849315,0.3321917808219178,0.06529209621993128,0.993127147766323,0.9933333333333333,0.6609353669444052,True,0.30155824997927994,29,True,1560.0
