problem,candidate_vertex_graph1,candidate_degree_percentile,candidate_core_percentile,candidate_edges_to_existing_seeds,candidate_new_one_hop_coverage_fraction,candidate_new_second_witness_fraction,candidate_new_two_hop_coverage_fraction,candidate_mean_nearest_seed_distance_reduction,candidate_q90_nearest_seed_distance_reduction,candidate_signature_collision_reduction,candidate_max_seed_neighborhood_jaccard,candidate_existing_seed_community_fraction,candidate_seed_signature_best_agreement,candidate_seed_signature_agreement_gap,candidate_gradient_row_top2_gap_z,candidate_gradient_row_normalized_entropy
sparse_sbm,0,0.76,1.0,0,0.024054982817869417,0.003436426116838488,0.048109965635738834,0.08247422680412371,0.0,0.040218035312240774,0.08333333333333333,0.125,1.0,0.0,0.0,0.8955165177766455
sparse_sbm,1,0.46,0.44,0,0.020618556701030927,0.0,0.044673539518900345,0.06872852233676977,0.0,0.03455385709207248,0.0,0.25,1.0,0.0,0.0,0.8955165177766456
sparse_sbm,2,0.9866666666666667,1.0,0,0.037800687285223365,0.0,0.06529209621993128,0.10652920962199312,0.0,0.0620452660267804,0.0625,0.0,1.0,0.0,0.0,0.8955165177766456
sparse_sbm,3,0.46,1.0,0,0.020618556701030927,0.0,0.054982817869415807,0.08247422680412371,0.0,0.03455385709207248,0.0,0.25,1.0,0.0,0.0,0.8955165177766456
sparse_sbm,4,0.6233333333333333,0.44,0,0.020618556701030927,0.003436426116838488,0.03436426116838488,0.058419243986254296,0.0,0.03476715250622109,0.058823529411764705,0.125,1.0,0.0,0.0,0.8955165177766456
sparse_sbm,5,0.76,1.0,0,0.020618556701030927,0.006872852233676976,0.020618556701030927,0.044673539518900345,0.0,0.03469605403483822,0.16666666666666666,0.25,1.0,0.0,0.0,0.8955165177766455
sparse_sbm,6,0.9866666666666667,1.0,0,0.03436426116838488,0.006872852233676976,0.07560137457044673,0.12027491408934708,0.0,0.056855077615831195,0.058823529411764705,0.125,1.0,0.0,0.0,0.8955165177766456
sparse_sbm,7,0.29,0.44,0,0.013745704467353952,0.003436426116838488,0.030927835051546393,0.044673539518900345,0.0,0.023296599123118766,0.1111111111111111,0.125,1.0,0.0,0.0,0.8955165177766456
sparse_sbm,8,0.76,1.0,1,0.024054982817869417,0.0,0.041237113402061855,0.06872852233676977,0.0,0.040312833274084636,0.0,0.125,1.0,0.0,0.616816328917106,0.38893723450214124
sparse_sbm,10,0.9133333333333333,1.0,1,0.020618556701030927,0.010309278350515464,0.030927835051546393,0.05154639175257732,0.0,0.03512264486313543,0.06666666666666667,0.125,1.0,0.0,0.5466759329367452,0.16495418819361177
sparse_sbm,11,0.76,1.0,0,0.024054982817869417,0.003436426116838488,0.054982817869415807,0.08247422680412371,0.0,0.040218035312240774,0.08333333333333333,0.0,1.0,0.0,0.0,0.8955165177766455
sparse_sbm,12,1.0,1.0,1,0.03436426116838488,0.006872852233676976,0.08247422680412371,0.12714776632302405,0.0,0.05711577201090179,0.06666666666666667,0.25,1.0,0.0,0.9946436454692558,0.569459567074343
sparse_sbm,13,0.023333333333333334,0.023333333333333334,0,0.003436426116838488,0.003436426116838488,0.010309278350515464,0.01718213058419244,0.0,0.00597227159616065,0.14285714285714285,0.25,1.0,0.0,0.0,0.8955165177766455
sparse_sbm,14,0.8466666666666667,1.0,0,0.024054982817869417,0.006872852233676976,0.054982817869415807,0.08247422680412371,0.0,0.040312833274084525,0.07692307692307693,0.0,1.0,0.0,0.0,0.8955165177766453
sparse_sbm,15,0.17333333333333334,0.44,0,0.010309278350515464,0.003436426116838488,0.006872852233676976,0.01718213058419244,0.0,0.0175850219220286,0.1,0.0,1.0,0.0,0.0,0.8955165177766455
sparse_sbm,16,0.29,0.44,0,0.013745704467353952,0.003436426116838488,0.020618556701030927,0.037800687285223365,0.0,0.023343998104040753,0.1,0.125,1.0,0.0,0.0,0.8955165177766456
sparse_sbm,17,0.6233333333333333,1.0,0,0.024054982817869417,0.0,0.06529209621993128,0.09278350515463918,0.0,0.040146936840857905,0.0,0.25,1.0,0.0,0.0,0.8955165177766456
sparse_sbm,18,0.29,0.44,0,0.01718213058419244,0.0,0.037800687285223365,0.058419243986254296,0.0,0.028913378362365183,0.0,0.25,1.0,0.0,0.0,0.8955165177766456
sparse_sbm,19,0.29,0.44,1,0.013745704467353952,0.0,0.027491408934707903,0.044673539518900345,0.0,0.02332029861357976,0.0,0.125,1.0,0.0,0.09506427289595809,0.3821423680059868
sparse_sbm,20,0.95,1.0,0,0.030927835051546393,0.006872852233676976,0.06529209621993128,0.09965635738831616,0.0,0.05140419480981151,0.0625,0.25,1.0,0.0,0.0,0.8955165177766456
sparse_sbm,21,0.8466666666666667,1.0,0,0.020618556701030927,0.006872852233676976,0.05154639175257732,0.07560137457044673,0.0,0.034814551487142964,0.09090909090909091,0.0,1.0,0.0,0.0,0.8955165177766453
sparse_sbm,22,0.8466666666666667,1.0,0,0.030927835051546393,0.0,0.048109965635738834,0.08247422680412371,0.0,0.0511908993956629,0.0,0.0,1.0,0.0,0.0,0.8955165177766453
sparse_sbm,23,0.9133333333333333,1.0,2,0.024054982817869417,0.0,0.027491408934707903,0.054982817869415807,0.0,0.040312833274084636,0.07142857142857142,0.125,1.0,0.125,4.299920627644146,0.11036430817443593
sparse_sbm,24,0.76,1.0,0,0.020618556701030927,0.006872852233676976,0.037800687285223365,0.06529209621993128,0.0,0.034743453015760095,0.07692307692307693,0.125,1.0,0.0,0.0,0.8955165177766455
sparse_sbm,25,0.9133333333333333,1.0,0,0.030927835051546393,0.003436426116838488,0.058419243986254296,0.09621993127147767,0.0,0.0512145988861239,0.08333333333333333,0.25,1.0,0.0,0.0,0.8955165177766456
sparse_sbm,26,0.6233333333333333,0.44,1,0.020618556701030927,0.0,0.027491408934707903,0.05154639175257732,0.0,0.03469605403483833,0.0,0.0,1.0,0.0,0.0,0.47391672901694903
sparse_sbm,27,0.9866666666666667,1.0,0,0.037800687285223365,0.003436426116838488,0.10309278350515463,0.14776632302405499,0.0,0.06211636449816327,0.06666666666666667,0.125,1.0,0.0,0.0,0.8955165177766456
sparse_sbm,28,0.9866666666666667,1.0,0,0.037800687285223365,0.003436426116838488,0.058419243986254296,0.10309278350515463,0.0,0.06206896551724128,0.07142857142857142,0.125,1.0,0.0,0.0,0.8955165177766456
sparse_sbm,29,0.8466666666666667,1.0,0,0.027491408934707903,0.003436426116838488,0.058419243986254296,0.0859106529209622,0.0,0.04574001658964322,0.09090909090909091,0.0,1.0,0.0,0.0,0.8955165177766453
sparse_sbm,30,0.6233333333333333,1.0,0,0.020618556701030927,0.003436426116838488,0.03436426116838488,0.054982817869415807,0.0,0.03464865505391623,0.07692307692307693,0.125,1.0,0.0,0.0,0.8955165177766456
sparse_sbm,31,0.07666666666666666,0.09666666666666666,0,0.006872852233676976,0.003436426116838488,0.027491408934707903,0.037800687285223365,0.0,0.011826045740016555,0.125,0.0,1.0,0.0,0.0,0.8955165177766456
sparse_sbm,32,0.07666666666666666,0.09666666666666666,0,0.010309278350515464,0.0,0.030927835051546393,0.048109965635738834,0.0,0.017490223960184847,0.0,0.0,1.0,0.0,0.0,0.8955165177766456
sparse_sbm,33,0.46,1.0,0,0.010309278350515464,0.006872852233676976,0.013745704467353952,0.027491408934707903,0.0,0.017608721412489592,0.125,0.25,1.0,0.0,0.0,0.8955165177766456
sparse_sbm,34,0.95,1.0,0,0.030927835051546393,0.006872852233676976,0.06529209621993128,0.10996563573883161,0.0,0.05149899277165537,0.058823529411764705,0.125,1.0,0.0,0.0,0.8955165177766456
sparse_sbm,35,0.46,1.0,0,0.01718213058419244,0.003436426116838488,0.020618556701030927,0.041237113402061855,0.0,0.028984476833748052,0.1,0.25,1.0,0.0,0.0,0.8955165177766456
sparse_sbm,36,0.29,1.0,0,0.006872852233676976,0.006872852233676976,0.01718213058419244,0.027491408934707903,0.0,0.011802346249555562,0.25,0.0,1.0,0.0,0.0,0.8955165177766456
sparse_sbm,38,0.8466666666666667,1.0,0,0.027491408934707903,0.003436426116838488,0.07560137457044673,0.1134020618556701,0.0,0.045811115061026086,0.07142857142857142,0.0,1.0,0.0,0.0,0.8955165177766453
sparse_sbm,39,0.8466666666666667,1.0,1,0.024054982817869417,0.003436426116838488,0.05154639175257732,0.07903780068728522,0.0,0.040383931745467505,0.08333333333333333,0.125,1.0,0.0,0.43849568780171744,0.23563377193513393
sparse_sbm,40,0.46,1.0,0,0.01718213058419244,0.003436426116838488,0.03436426116838488,0.054982817869415807,0.0,0.028984476833748052,0.1,0.25,1.0,0.0,0.0,0.8955165177766456
sparse_sbm,41,0.9133333333333333,1.0,0,0.030927835051546393,0.003436426116838488,0.07560137457044673,0.1134020618556701,0.0,0.05140419480981151,0.05,0.0,1.0,0.0,0.0,0.8955165177766456
sparse_sbm,42,0.8466666666666667,1.0,1,0.020618556701030927,0.006872852233676976,0.041237113402061855,0.061855670103092786,0.0,0.03495674842990881,0.08333333333333333,0.25,1.0,0.0,0.7119487566143254,0.5443866838344926
sparse_sbm,43,0.9133333333333333,1.0,0,0.030927835051546393,0.003436426116838488,0.05154639175257732,0.08934707903780069,0.0,0.05140419480981151,0.05,0.125,1.0,0.0,0.0,0.8955165177766456
sparse_sbm,44,0.29,0.44,0,0.010309278350515464,0.006872852233676976,0.01718213058419244,0.030927835051546393,0.0,0.01767981988387246,0.125,0.125,1.0,0.0,0.0,0.8955165177766456
sparse_sbm,45,0.6233333333333333,1.0,0,0.020618556701030927,0.003436426116838488,0.07216494845360824,0.09965635738831616,0.0,0.03476715250622109,0.058823529411764705,0.125,1.0,0.0,0.0,0.8955165177766456
sparse_sbm,46,0.29,0.44,0,0.01718213058419244,0.0,0.044673539518900345,0.06529209621993128,0.0,0.028913378362365183,0.0,0.25,1.0,0.0,0.0,0.8955165177766456
sparse_sbm,47,0.8466666666666667,1.0,0,0.027491408934707903,0.003436426116838488,0.07216494845360824,0.10996563573883161,0.0,0.04576371608010421,0.07692307692307693,0.25,1.0,0.0,0.0,0.8955165177766453
sparse_sbm,48,0.29,1.0,0,0.01718213058419244,0.0,0.027491408934707903,0.048109965635738834,0.0,0.028913378362365183,0.0,0.25,1.0,0.0,0.0,0.8955165177766456
sparse_sbm,49,0.76,1.0,0,0.027491408934707903,0.0,0.030927835051546393,0.061855670103092786,0.0,0.04569261760872134,0.0,0.125,1.0,0.0,0.0,0.8955165177766455
sparse_sbm,50,0.9133333333333333,1.0,1,0.027491408934707903,0.003436426116838488,0.05154639175257732,0.08247422680412371,0.0,0.045953312003791935,0.07692307692307693,0.125,1.0,0.0,0.0,0.5013489356702738
sparse_sbm,51,0.6233333333333333,1.0,1,0.013745704467353952,0.006872852233676976,0.01718213058419244,0.03436426116838488,0.0,0.023533594027728366,0.08333333333333333,0.125,1.0,0.0,0.3559067965138887,0.2167825967297303
sparse_sbm,52,0.6233333333333333,1.0,1,0.01718213058419244,0.003436426116838488,0.03436426116838488,0.054982817869415807,0.0,0.029245171228818534,0.058823529411764705,0.125,1.0,0.0,0.13852079693571273,0.3965951401268354
sparse_sbm,53,0.6233333333333333,1.0,0,0.01718213058419244,0.006872852233676976,0.044673539518900345,0.06529209621993128,0.0,0.02912667377651379,0.08333333333333333,0.25,1.0,0.0,0.0,0.8955165177766456
sparse_sbm,54,0.9866666666666667,1.0,0,0.037800687285223365,0.003436426116838488,0.048109965635738834,0.09278350515463918,0.0,0.062258561440929006,0.045454545454545456,0.25,1.0,0.0,0.0,0.8955165177766456
sparse_sbm,55,0.8466666666666667,1.0,0,0.027491408934707903,0.003436426116838488,0.048109965635738834,0.07903780068728522,0.0,0.04590591302286995,0.05263157894736842,0.0,1.0,0.0,0.0,0.8955165177766453
sparse_sbm,56,0.6233333333333333,1.0,0,0.01718213058419244,0.006872852233676976,0.027491408934707903,0.048109965635738834,0.0,0.029245171228818534,0.08333333333333333,0.25,1.0,0.0,0.0,0.8955165177766456
sparse_sbm,57,0.8466666666666667,1.0,0,0.030927835051546393,0.0,0.061855670103092786,0.09965635738831616,0.0,0.0511908993956629,0.0,0.25,1.0,0.0,0.0,0.8955165177766453
sparse_sbm,58,0.46,0.44,0,0.020618556701030927,0.0,0.030927835051546393,0.054982817869415807,0.0,0.03455385709207248,0.0,0.25,1.0,0.0,0.0,0.8955165177766456
sparse_sbm,59,0.6233333333333333,1.0,0,0.013745704467353952,0.010309278350515464,0.024054982817869417,0.041237113402061855,0.0,0.023699490460954986,0.125,0.25,1.0,0.0,0.0,0.8955165177766456
sparse_sbm,60,0.29,0.44,0,0.013745704467353952,0.003436426116838488,0.03436426116838488,0.05154639175257732,0.0,0.023438796065884504,0.06666666666666667,0.25,1.0,0.0,0.0,0.8955165177766456
sparse_sbm,61,0.76,1.0,0,0.020618556701030927,0.006872852233676976,0.044673539518900345,0.07216494845360824,0.0,0.0347197535252991,0.09090909090909091,0.0,1.0,0.0,0.0,0.8955165177766455
sparse_sbm,62,0.29,1.0,0,0.010309278350515464,0.006872852233676976,0.030927835051546393,0.044673539518900345,0.0,0.017632420902950585,0.14285714285714285,0.125,1.0,0.0,0.0,0.8955165177766456
sparse_sbm,63,0.76,1.0,0,0.024054982817869417,0.003436426116838488,0.058419243986254296,0.08934707903780069,0.0,0.04017063633131879,0.1,0.25,1.0,0.0,0.0,0.8955165177766455
sparse_sbm,64,0.8466666666666667,1.0,0,0.024054982817869417,0.006872852233676976,0.030927835051546393,0.058419243986254296,0.0,0.04040763123592839,0.09090909090909091,0.25,1.0,0.0,0.0,0.8955165177766453
sparse_sbm,65,0.9133333333333333,1.0,1,0.024054982817869417,0.006872852233676976,0.05154639175257732,0.07560137457044673,0.0,0.04040763123592839,0.08333333333333333,0.25,1.0,0.0,0.3569412870479729,0.47068521336093283
sparse_sbm,66,0.17333333333333334,0.44,0,0.010309278350515464,0.003436426116838488,0.024054982817869417,0.03436426116838488,0.0,0.0175850219220286,0.1,0.125,1.0,0.0,0.0,0.8955165177766455
sparse_sbm,67,0.29,0.44,0,0.010309278350515464,0.003436426116838488,0.030927835051546393,0.044673539518900345,0.0,0.017561322431567716,0.14285714285714285,0.125,1.0,0.0,0.0,0.8955165177766456
sparse_sbm,68,0.6233333333333333,1.0,0,0.024054982817869417,0.0,0.037800687285223365,0.06872852233676977,0.0,0.040146936840857905,0.0,0.25,1.0,0.0,0.0,0.8955165177766456
sparse_sbm,69,0.9866666666666667,1.0,0,0.037800687285223365,0.003436426116838488,0.09965635738831616,0.14432989690721648,0.0,0.06214006398862415,0.058823529411764705,0.25,1.0,0.0,0.0,0.8955165177766456
sparse_sbm,70,0.46,0.44,0,0.01718213058419244,0.003436426116838488,0.027491408934707903,0.048109965635738834,0.0,0.029031875814669927,0.09090909090909091,0.125,1.0,0.0,0.0,0.8955165177766456
sparse_sbm,71,0.76,1.0,0,0.020618556701030927,0.003436426116838488,0.054982817869415807,0.08247422680412371,0.0,0.03476715250622109,0.1,0.125,1.0,0.0,0.0,0.8955165177766455
sparse_sbm,72,0.76,1.0,1,0.024054982817869417,0.0,0.054982817869415807,0.08247422680412371,0.0,0.040312833274084636,0.0,0.0,1.0,0.0,0.2900548263350027,0.44806077374688513
sparse_sbm,74,0.29,0.44,0,0.01718213058419244,0.0,0.041237113402061855,0.061855670103092786,0.0,0.028913378362365183,0.0,0.0,1.0,0.0,0.0,0.8955165177766456
sparse_sbm,75,0.9133333333333333,1.0,0,0.03436426116838488,0.0,0.08247422680412371,0.12371134020618557,0.0,0.05664178220168259,0.0,0.0,1.0,0.0,0.0,0.8955165177766456
sparse_sbm,76,0.17333333333333334,0.44,0,0.013745704467353952,0.0,0.030927835051546393,0.044673539518900345,0.0,0.023225500651735898,0.0,0.125,1.0,0.0,0.0,0.8955165177766455
sparse_sbm,77,0.8466666666666667,1.0,0,0.030927835051546393,0.0,0.044673539518900345,0.08247422680412371,0.0,0.0511908993956629,0.0,0.125,1.0,0.0,0.0,0.8955165177766453
sparse_sbm,78,0.46,0.44,1,0.01718213058419244,0.0,0.030927835051546393,0.054982817869415807,0.0,0.02903187581467004,0.0,0.25,1.0,0.0,0.12488699386047752,0.33586678578542717
sparse_sbm,79,0.023333333333333334,0.023333333333333334,0,0.006872852233676976,0.0,0.013745704467353952,0.020618556701030927,0.0,0.011707548287711811,0.0,0.0,1.0,0.0,0.0,0.8955165177766455
sparse_sbm,80,0.6233333333333333,1.0,0,0.024054982817869417,0.0,0.044673539518900345,0.07560137457044673,0.0,0.040146936840857905,0.0,0.125,1.0,0.0,0.0,0.8955165177766456
sparse_sbm,81,0.76,1.0,0,0.010309278350515464,0.013745704467353952,0.01718213058419244,0.030927835051546393,0.0,0.017964213769403936,0.1,0.125,1.0,0.0,0.0,0.8955165177766455
sparse_sbm,82,0.76,1.0,0,0.027491408934707903,0.0,0.044673539518900345,0.07903780068728522,0.0,0.04569261760872134,0.0,0.0,1.0,0.0,0.0,0.8955165177766455
sparse_sbm,83,0.29,1.0,0,0.010309278350515464,0.006872852233676976,0.037800687285223365,0.05154639175257732,0.0,0.017727218864794336,0.14285714285714285,0.125,1.0,0.0,0.0,0.8955165177766456
sparse_sbm,84,0.17333333333333334,0.09666666666666666,0,0.006872852233676976,0.006872852233676976,0.013745704467353952,0.027491408934707903,0.0,0.011802346249555562,0.3333333333333333,0.125,1.0,0.0,0.0,0.8955165177766455
sparse_sbm,85,0.07666666666666666,0.09666666666666666,0,0.006872852233676976,0.003436426116838488,0.01718213058419244,0.027491408934707903,0.0,0.011826045740016555,0.125,0.0,1.0,0.0,0.0,0.8955165177766456
sparse_sbm,86,0.9133333333333333,1.0,0,0.03436426116838488,0.0,0.08247422680412371,0.12371134020618557,0.0,0.05664178220168259,0.0,0.125,1.0,0.0,0.0,0.8955165177766456
sparse_sbm,87,0.76,1.0,0,0.020618556701030927,0.003436426116838488,0.06529209621993128,0.09278350515463918,0.0,0.03464865505391623,0.07692307692307693,0.125,1.0,0.0,0.0,0.8955165177766455
sparse_sbm,88,0.8466666666666667,1.0,0,0.024054982817869417,0.006872852233676976,0.048109965635738834,0.07903780068728522,0.0,0.04036023225500651,0.07142857142857142,0.0,1.0,0.0,0.0,0.8955165177766453
sparse_sbm,89,0.95,1.0,0,0.030927835051546393,0.006872852233676976,0.044673539518900345,0.08247422680412371,0.0,0.05133309633842864,0.07142857142857142,0.125,1.0,0.0,0.0,0.8955165177766456
sparse_sbm,90,0.8466666666666667,1.0,0,0.024054982817869417,0.006872852233676976,0.044673539518900345,0.07216494845360824,0.0,0.04028913378362364,0.15384615384615385,0.0,1.0,0.0,0.0,0.8955165177766453
sparse_sbm,91,0.46,1.0,0,0.01718213058419244,0.003436426116838488,0.020618556701030927,0.037800687285223365,0.0,0.02912667377651379,0.0625,0.125,1.0,0.0,0.0,0.8955165177766456
sparse_sbm,92,0.76,1.0,0,0.020618556701030927,0.006872852233676976,0.054982817869415807,0.08247422680412371,0.0,0.03488564995852583,0.07692307692307693,0.125,1.0,0.0,0.0,0.8955165177766455
sparse_sbm,93,0.95,1.0,0,0.030927835051546393,0.006872852233676976,0.058419243986254296,0.09278350515463918,0.0,0.051522692262116365,0.0625,0.125,1.0,0.0,0.0,0.8955165177766456
sparse_sbm,94,0.29,0.44,0,0.01718213058419244,0.0,0.05154639175257732,0.07216494845360824,0.0,0.028913378362365183,0.0,0.125,1.0,0.0,0.0,0.8955165177766456
sparse_sbm,96,0.6233333333333333,0.44,0,0.020618556701030927,0.0,0.037800687285223365,0.061855670103092786,0.0,0.03455385709207248,0.09090909090909091,0.125,1.0,0.0,0.0,0.8955165177766456
sparse_sbm,97,0.023333333333333334,0.023333333333333334,0,0.006872852233676976,0.0,0.006872852233676976,0.013745704467353952,0.0,0.011707548287711811,0.0,0.0,1.0,0.0,0.0,0.8955165177766455
sparse_sbm,98,0.9133333333333333,1.0,2,0.024054982817869417,0.0,0.041237113402061855,0.07216494845360824,0.0,0.040312833274084636,0.08333333333333333,0.0,1.0,0.125,3.8475179302058393,0.1517868640282418
sparse_sbm,99,0.023333333333333334,0.023333333333333334,0,0.003436426116838488,0.003436426116838488,0.010309278350515464,0.013745704467353952,0.0,0.0059485721056996566,0.16666666666666666,0.25,1.0,0.0,0.0,0.8955165177766455
sparse_sbm,100,0.17333333333333334,0.09666666666666666,0,0.010309278350515464,0.003436426116838488,0.027491408934707903,0.041237113402061855,0.0,0.017703519374333343,0.07142857142857142,0.0,1.0,0.0,0.0,0.8955165177766455
sparse_sbm,101,0.46,0.44,0,0.01718213058419244,0.003436426116838488,0.030927835051546393,0.054982817869415807,0.0,0.02912667377651379,0.0625,0.25,1.0,0.0,0.0,0.8955165177766456
sparse_sbm,102,0.6233333333333333,0.44,0,0.024054982817869417,0.0,0.048109965635738834,0.07903780068728522,0.0,0.040146936840857905,0.0,0.25,1.0,0.0,0.0,0.8955165177766456
sparse_sbm,103,0.6233333333333333,0.44,0,0.01718213058419244,0.006872852233676976,0.037800687285223365,0.061855670103092786,0.0,0.029079274795591803,0.1111111111111111,0.25,1.0,0.0,0.0,0.8955165177766456
sparse_sbm,104,0.46,0.44,0,0.020618556701030927,0.0,0.06529209621993128,0.09965635738831616,0.0,0.03455385709207248,0.0,0.25,1.0,0.0,0.0,0.8955165177766456
sparse_sbm,105,0.46,0.44,0,0.01718213058419244,0.003436426116838488,0.024054982817869417,0.041237113402061855,0.0,0.02896077734328706,0.125,0.25,1.0,0.0,0.0,0.8955165177766456
sparse_sbm,106,0.76,1.0,0,0.020618556701030927,0.006872852233676976,0.044673539518900345,0.06872852233676977,0.0,0.03483825097760396,0.09090909090909091,0.0,1.0,0.0,0.0,0.8955165177766455
sparse_sbm,107,0.29,0.44,0,0.013745704467353952,0.003436426116838488,0.020618556701030927,0.037800687285223365,0.0,0.023438796065884504,0.06666666666666667,0.25,1.0,0.0,0.0,0.8955165177766456
sparse_sbm,108,0.95,0.44,1,0.03436426116838488,0.0,0.058419243986254296,0.09965635738831616,0.0,0.0568787771062923,0.0,0.25,1.0,0.0,0.0,0.5141869453455614
sparse_sbm,109,0.17333333333333334,0.44,0,0.013745704467353952,0.0,0.037800687285223365,0.054982817869415807,0.0,0.023225500651735898,0.0,0.25,1.0,0.0,0.0,0.8955165177766455
sparse_sbm,110,0.17333333333333334,0.44,0,0.010309278350515464,0.003436426116838488,0.020618556701030927,0.03436426116838488,0.0,0.017608721412489592,0.1111111111111111,0.125,1.0,0.0,0.0,0.8955165177766455
sparse_sbm,111,0.17333333333333334,0.44,1,0.010309278350515464,0.0,0.027491408934707903,0.044673539518900345,0.0,0.017561322431567716,0.0,0.0,1.0,0.0,0.28106821186375175,0.5279599431824837
sparse_sbm,112,0.46,0.44,0,0.020618556701030927,0.0,0.037800687285223365,0.06529209621993128,0.0,0.03455385709207248,0.0,0.25,1.0,0.0,0.0,0.8955165177766456
sparse_sbm,113,0.29,1.0,0,0.01718213058419244,0.0,0.041237113402061855,0.06529209621993128,0.0,0.028913378362365183,0.0,0.25,1.0,0.0,0.0,0.8955165177766456
sparse_sbm,114,0.6233333333333333,1.0,0,0.024054982817869417,0.0,0.061855670103092786,0.09621993127147767,0.0,0.040146936840857905,0.0,0.0,1.0,0.0,0.0,0.8955165177766456
sparse_sbm,115,0.29,1.0,0,0.01718213058419244,0.0,0.024054982817869417,0.041237113402061855,0.0,0.028913378362365183,0.0,0.125,1.0,0.0,0.0,0.8955165177766456
sparse_sbm,116,0.95,1.0,0,0.037800687285223365,0.0,0.061855670103092786,0.10652920962199312,0.0,0.0620452660267804,0.0,0.125,1.0,0.0,0.0,0.8955165177766456
sparse_sbm,117,0.17333333333333334,0.09666666666666666,0,0.013745704467353952,0.0,0.027491408934707903,0.041237113402061855,0.0,0.023225500651735898,0.0,0.0,1.0,0.0,0.0,0.8955165177766455
sparse_sbm,118,0.29,0.44,1,0.013745704467353952,0.0,0.030927835051546393,0.048109965635738834,0.0,0.02332029861357976,0.0,0.25,1.0,0.0,0.09506427289595809,0.3821423680059868
sparse_sbm,119,0.76,1.0,0,0.027491408934707903,0.0,0.054982817869415807,0.09621993127147767,0.0,0.04569261760872134,0.0,0.25,1.0,0.0,0.0,0.8955165177766455
sparse_sbm,120,0.46,1.0,0,0.020618556701030927,0.0,0.041237113402061855,0.06529209621993128,0.0,0.03455385709207248,0.0,0.125,1.0,0.0,0.0,0.8955165177766456
sparse_sbm,121,0.6233333333333333,1.0,0,0.013745704467353952,0.010309278350515464,0.037800687285223365,0.058419243986254296,0.0,0.023367697594501635,0.1111111111111111,0.0,1.0,0.0,0.0,0.8955165177766456
sparse_sbm,122,0.6233333333333333,0.44,0,0.01718213058419244,0.006872852233676976,0.03436426116838488,0.054982817869415807,0.0,0.02905557530513092,0.1111111111111111,0.25,1.0,0.0,0.0,0.8955165177766456
sparse_sbm,123,0.6233333333333333,0.44,0,0.024054982817869417,0.0,0.06529209621993128,0.09278350515463918,0.0,0.040146936840857905,0.0,0.0,1.0,0.0,0.0,0.8955165177766456
sparse_sbm,124,0.17333333333333334,0.44,0,0.013745704467353952,0.0,0.027491408934707903,0.044673539518900345,0.0,0.023225500651735898,0.0,0.25,1.0,0.0,0.0,0.8955165177766455
sparse_sbm,125,0.76,0.44,1,0.024054982817869417,0.0,0.044673539518900345,0.07560137457044673,0.0,0.040312833274084636,0.0,0.25,1.0,0.0,0.16677906768448736,0.3524750385860914
sparse_sbm,126,0.29,0.44,0,0.01718213058419244,0.0,0.037800687285223365,0.054982817869415807,0.0,0.028913378362365183,0.0,0.25,1.0,0.0,0.0,0.8955165177766456
sparse_sbm,128,0.17333333333333334,0.44,0,0.013745704467353952,0.0,0.024054982817869417,0.037800687285223365,0.0,0.023225500651735898,0.0,0.25,1.0,0.0,0.0,0.8955165177766455
sparse_sbm,129,0.46,0.44,1,0.01718213058419244,0.0,0.027491408934707903,0.048109965635738834,0.0,0.02903187581467004,0.0,0.25,1.0,0.0,0.4592215369872914,0.3796694201172281
sparse_sbm,130,0.76,1.0,0,0.024054982817869417,0.003436426116838488,0.06529209621993128,0.10309278350515463,0.0,0.040241734802701656,0.07142857142857142,0.0,1.0,0.0,0.0,0.8955165177766455
sparse_sbm,131,0.17333333333333334,0.44,0,0.013745704467353952,0.0,0.013745704467353952,0.03436426116838488,0.0,0.023225500651735898,0.0,0.0,1.0,0.0,0.0,0.8955165177766455
sparse_sbm,132,0.46,0.44,0,0.013745704467353952,0.003436426116838488,0.027491408934707903,0.044673539518900345,0.0,0.02332029861357976,0.18181818181818182,0.25,1.0,0.0,0.0,0.8955165177766456
sparse_sbm,133,0.17333333333333334,0.44,0,0.010309278350515464,0.0,0.037800687285223365,0.05154639175257732,0.0,0.017490223960184847,0.16666666666666666,0.125,1.0,0.0,0.0,0.8955165177766455
sparse_sbm,134,0.17333333333333334,0.09666666666666666,0,0.013745704467353952,0.0,0.03436426116838488,0.05154639175257732,0.0,0.023225500651735898,0.0,0.25,1.0,0.0,0.0,0.8955165177766455
sparse_sbm,135,0.76,0.44,0,0.024054982817869417,0.003436426116838488,0.061855670103092786,0.09278350515463918,0.0,0.040241734802701656,0.07142857142857142,0.25,1.0,0.0,0.0,0.8955165177766455
sparse_sbm,136,0.17333333333333334,0.44,0,0.013745704467353952,0.0,0.027491408934707903,0.041237113402061855,0.0,0.023225500651735898,0.0,0.125,1.0,0.0,0.0,0.8955165177766455
sparse_sbm,137,0.9133333333333333,1.0,0,0.027491408934707903,0.006872852233676976,0.058419243986254296,0.09621993127147767,0.0,0.04583481455148708,0.07692307692307693,0.0,1.0,0.0,0.0,0.8955165177766456
sparse_sbm,138,0.023333333333333334,0.023333333333333334,0,0.006872852233676976,0.0,0.010309278350515464,0.01718213058419244,0.0,0.011707548287711811,0.0,0.25,1.0,0.0,0.0,0.8955165177766455
sparse_sbm,139,0.6233333333333333,1.0,0,0.020618556701030927,0.003436426116838488,0.037800687285223365,0.058419243986254296,0.0,0.03464865505391623,0.07692307692307693,0.125,1.0,0.0,0.0,0.8955165177766456
sparse_sbm,140,0.46,0.44,0,0.01718213058419244,0.003436426116838488,0.013745704467353952,0.030927835051546393,0.0,0.029008176324208934,0.08333333333333333,0.0,1.0,0.0,0.0,0.8955165177766456
sparse_sbm,141,0.17333333333333334,0.44,0,0.013745704467353952,0.0,0.020618556701030927,0.03436426116838488,0.0,0.023225500651735898,0.0,0.0,1.0,0.0,0.0,0.8955165177766455
sparse_sbm,142,0.8466666666666667,1.0,0,0.024054982817869417,0.006872852233676976,0.07560137457044673,0.10652920962199312,0.0,0.04052612868823313,0.1111111111111111,0.125,1.0,0.0,0.0,0.8955165177766453
sparse_sbm,143,0.6233333333333333,1.0,0,0.020618556701030927,0.003436426116838488,0.048109965635738834,0.07560137457044673,0.0,0.03460125607299436,0.1111111111111111,0.25,1.0,0.0,0.0,0.8955165177766456
sparse_sbm,144,0.6233333333333333,0.44,0,0.01718213058419244,0.006872852233676976,0.044673539518900345,0.061855670103092786,0.0,0.02912667377651379,0.08333333333333333,0.25,1.0,0.0,0.0,0.8955165177766456
sparse_sbm,145,0.76,1.0,0,0.024054982817869417,0.003436426116838488,0.07903780068728522,0.10996563573883161,0.0,0.040218035312240774,0.09090909090909091,0.0,1.0,0.0,0.0,0.8955165177766455
sparse_sbm,146,0.8466666666666667,0.44,0,0.027491408934707903,0.003436426116838488,0.06529209621993128,0.09621993127147767,0.0,0.04574001658964322,0.09090909090909091,0.25,1.0,0.0,0.0,0.8955165177766453
sparse_sbm,147,0.17333333333333334,0.44,0,0.013745704467353952,0.0,0.03436426116838488,0.05154639175257732,0.0,0.023225500651735898,0.0,0.125,1.0,0.0,0.0,0.8955165177766455
sparse_sbm,148,0.07666666666666666,0.09666666666666666,0,0.010309278350515464,0.0,0.01718213058419244,0.027491408934707903,0.0,0.017490223960184847,0.0,0.0,1.0,0.0,0.0,0.8955165177766456
sparse_sbm,149,0.07666666666666666,0.09666666666666666,0,0.003436426116838488,0.006872852233676976,0.006872852233676976,0.010309278350515464,0.0,0.006161867519848263,0.14285714285714285,0.25,1.0,0.0,0.0,0.8955165177766456
sparse_sbm,150,0.46,0.44,0,0.020618556701030927,0.0,0.05154639175257732,0.07903780068728522,0.0,0.03455385709207248,0.0,0.125,1.0,0.0,0.0,0.8955165177766456
sparse_sbm,151,0.46,0.44,0,0.020618556701030927,0.0,0.044673539518900345,0.07216494845360824,0.0,0.03455385709207248,0.0,0.0,1.0,0.0,0.0,0.8955165177766456
sparse_sbm,152,0.17333333333333334,0.44,0,0.010309278350515464,0.003436426116838488,0.020618556701030927,0.030927835051546393,0.0,0.017608721412489592,0.1111111111111111,0.25,1.0,0.0,0.0,0.8955165177766455
sparse_sbm,153,0.6233333333333333,1.0,0,0.020618556701030927,0.003436426116838488,0.05154639175257732,0.07903780068728522,0.0,0.03464865505391623,0.08333333333333333,0.0,1.0,0.0,0.0,0.8955165177766456
sparse_sbm,154,0.9866666666666667,1.0,0,0.041237113402061855,0.0,0.07560137457044673,0.13058419243986255,0.0,0.06740135087095622,0.0,0.25,1.0,0.0,0.0,0.8955165177766456
sparse_sbm,155,0.76,0.44,0,0.020618556701030927,0.006872852233676976,0.044673539518900345,0.06872852233676977,0.0,0.034743453015760095,0.09090909090909091,0.25,1.0,0.0,0.0,0.8955165177766455
sparse_sbm,156,0.6233333333333333,1.0,0,0.024054982817869417,0.0,0.061855670103092786,0.09278350515463918,0.0,0.040146936840857905,0.0,0.0,1.0,0.0,0.0,0.8955165177766456
sparse_sbm,157,0.6233333333333333,0.44,0,0.024054982817869417,0.0,0.041237113402061855,0.06872852233676977,0.0,0.040146936840857905,0.0,0.25,1.0,0.0,0.0,0.8955165177766456
sparse_sbm,158,0.29,0.44,0,0.013745704467353952,0.003436426116838488,0.037800687285223365,0.058419243986254296,0.0,0.023438796065884504,0.06666666666666667,0.25,1.0,0.0,0.0,0.8955165177766456
sparse_sbm,159,0.46,1.0,0,0.020618556701030927,0.0,0.03436426116838488,0.054982817869415807,0.0,0.03455385709207248,0.0,0.25,1.0,0.0,0.0,0.8955165177766456
sparse_sbm,160,0.46,1.0,0,0.01718213058419244,0.003436426116838488,0.03436426116838488,0.054982817869415807,0.0,0.029008176324208934,0.09090909090909091,0.25,1.0,0.0,0.0,0.8955165177766456
sparse_sbm,161,0.76,1.0,0,0.024054982817869417,0.003436426116838488,0.05154639175257732,0.08247422680412371,0.0,0.040218035312240774,0.09090909090909091,0.0,1.0,0.0,0.0,0.8955165177766455
sparse_sbm,162,0.6233333333333333,0.44,0,0.020618556701030927,0.003436426116838488,0.061855670103092786,0.0859106529209622,0.0,0.034672354544377226,0.08333333333333333,0.25,1.0,0.0,0.0,0.8955165177766456
sparse_sbm,163,0.9133333333333333,1.0,1,0.030927835051546393,0.0,0.07560137457044673,0.1134020618556701,0.0,0.05140419480981162,0.0,0.0,1.0,0.0,0.5466759329367452,0.16495418819361177
sparse_sbm,164,0.17333333333333334,0.44,0,0.013745704467353952,0.0,0.054982817869415807,0.07216494845360824,0.0,0.023225500651735898,0.0,0.0,1.0,0.0,0.0,0.8955165177766455
sparse_sbm,165,0.6233333333333333,0.44,0,0.020618556701030927,0.003436426116838488,0.061855670103092786,0.08934707903780069,0.0,0.03464865505391623,0.08333333333333333,0.25,1.0,0.0,0.0,0.8955165177766456
sparse_sbm,166,0.07666666666666666,0.09666666666666666,0,0.010309278350515464,0.0,0.024054982817869417,0.037800687285223365,0.0,0.017490223960184847,0.0,0.0,1.0,0.0,0.0,0.8955165177766456
sparse_sbm,167,0.46,0.44,0,0.01718213058419244,0.003436426116838488,0.037800687285223365,0.058419243986254296,0.0,0.029031875814669927,0.09090909090909091,0.25,1.0,0.0,0.0,0.8955165177766456
sparse_sbm,169,0.46,0.44,1,0.01718213058419244,0.0,0.024054982817869417,0.044673539518900345,0.0,0.029031875814669927,0.0,0.0,1.0,0.0,0.11730583073840695,0.388400555883773
sparse_sbm,170,0.76,1.0,0,0.01718213058419244,0.010309278350515464,0.037800687285223365,0.058419243986254296,0.0,0.029245171228818534,0.1,0.0,1.0,0.0,0.0,0.8955165177766455
sparse_sbm,171,0.46,1.0,0,0.020618556701030927,0.0,0.048109965635738834,0.07560137457044673,0.0,0.03455385709207248,0.0,0.0,1.0,0.0,0.0,0.8955165177766456
sparse_sbm,172,0.46,0.44,0,0.020618556701030927,0.0,0.044673539518900345,0.07216494845360824,0.0,0.03455385709207248,0.0,0.25,1.0,0.0,0.0,0.8955165177766456
sparse_sbm,173,0.6233333333333333,0.44,0,0.020618556701030927,0.003436426116838488,0.048109965635738834,0.07560137457044673,0.0,0.03464865505391623,0.07692307692307693,0.25,1.0,0.0,0.0,0.8955165177766456
sparse_sbm,174,0.17333333333333334,0.44,0,0.010309278350515464,0.003436426116838488,0.037800687285223365,0.054982817869415807,0.0,0.017703519374333343,0.07142857142857142,0.0,1.0,0.0,0.0,0.8955165177766455
sparse_sbm,175,0.46,1.0,0,0.01718213058419244,0.0,0.05154639175257732,0.07560137457044673,0.0,0.028913378362365183,0.1,0.0,1.0,0.0,0.0,0.8955165177766456
sparse_sbm,176,0.76,1.0,0,0.027491408934707903,0.0,0.07216494845360824,0.10652920962199312,0.0,0.04569261760872134,0.0,0.125,1.0,0.0,0.0,0.8955165177766455
sparse_sbm,177,0.9133333333333333,0.44,0,0.030927835051546393,0.003436426116838488,0.058419243986254296,0.09621993127147767,0.0,0.05123829837658489,0.08333333333333333,0.25,1.0,0.0,0.0,0.8955165177766456
sparse_sbm,178,0.9866666666666667,1.0,0,0.037800687285223365,0.003436426116838488,0.07560137457044673,0.11683848797250859,0.0,0.06216376347908514,0.058823529411764705,0.125,1.0,0.0,0.0,0.8955165177766456
sparse_sbm,179,0.6233333333333333,0.44,0,0.024054982817869417,0.0,0.037800687285223365,0.06529209621993128,0.0,0.040146936840857905,0.0,0.25,1.0,0.0,0.0,0.8955165177766456
sparse_sbm,180,0.9133333333333333,0.44,0,0.027491408934707903,0.006872852233676976,0.05154639175257732,0.08247422680412371,0.0,0.045787415570565204,0.08333333333333333,0.25,1.0,0.0,0.0,0.8955165177766456
sparse_sbm,181,0.6233333333333333,0.44,0,0.020618556701030927,0.003436426116838488,0.037800687285223365,0.061855670103092786,0.0,0.03464865505391623,0.07692307692307693,0.25,1.0,0.0,0.0,0.8955165177766456
sparse_sbm,182,0.46,0.44,0,0.01718213058419244,0.003436426116838488,0.044673539518900345,0.06872852233676977,0.0,0.028984476833748052,0.1111111111111111,0.0,1.0,0.0,0.0,0.8955165177766456
sparse_sbm,183,0.29,0.44,0,0.013745704467353952,0.003436426116838488,0.030927835051546393,0.048109965635738834,0.0,0.02332029861357976,0.1,0.25,1.0,0.0,0.0,0.8955165177766456
sparse_sbm,184,0.76,1.0,1,0.020618556701030927,0.003436426116838488,0.03436426116838488,0.061855670103092786,0.0,0.034743453015760206,0.08333333333333333,0.0,1.0,0.0,0.616816328917106,0.38893723450214124
sparse_sbm,185,0.76,0.44,0,0.027491408934707903,0.0,0.061855670103092786,0.09278350515463918,0.0,0.04569261760872134,0.0,0.25,1.0,0.0,0.0,0.8955165177766455
sparse_sbm,186,0.023333333333333334,0.023333333333333334,0,0.006872852233676976,0.0,0.013745704467353952,0.020618556701030927,0.0,0.011707548287711811,0.0,0.25,1.0,0.0,0.0,0.8955165177766455
sparse_sbm,187,0.46,0.44,0,0.020618556701030927,0.0,0.041237113402061855,0.06872852233676977,0.0,0.03455385709207248,0.0,0.25,1.0,0.0,0.0,0.8955165177766456
sparse_sbm,188,0.6233333333333333,0.44,0,0.020618556701030927,0.003436426116838488,0.048109965635738834,0.07216494845360824,0.0,0.034672354544377226,0.08333333333333333,0.25,1.0,0.0,0.0,0.8955165177766456
sparse_sbm,189,0.8466666666666667,0.44,0,0.027491408934707903,0.003436426116838488,0.058419243986254296,0.08934707903780069,0.0,0.045811115061026086,0.07142857142857142,0.25,1.0,0.0,0.0,0.8955165177766453
sparse_sbm,190,0.6233333333333333,1.0,0,0.024054982817869417,0.0,0.058419243986254296,0.08934707903780069,0.0,0.040146936840857905,0.0,0.0,1.0,0.0,0.0,0.8955165177766456
sparse_sbm,191,0.17333333333333334,0.44,1,0.010309278350515464,0.0,0.030927835051546393,0.048109965635738834,0.0,0.017561322431567827,0.0,0.25,1.0,0.0,0.0,0.460688023421958
sparse_sbm,192,0.07666666666666666,0.09666666666666666,0,0.010309278350515464,0.0,0.027491408934707903,0.041237113402061855,0.0,0.017490223960184847,0.0,0.0,1.0,0.0,0.0,0.8955165177766456
sparse_sbm,193,0.29,0.44,0,0.01718213058419244,0.0,0.03436426116838488,0.058419243986254296,0.0,0.028913378362365183,0.0,0.25,1.0,0.0,0.0,0.8955165177766456
sparse_sbm,194,0.6233333333333333,1.0,0,0.020618556701030927,0.003436426116838488,0.07216494845360824,0.09965635738831616,0.0,0.03476715250622109,0.058823529411764705,0.0,1.0,0.0,0.0,0.8955165177766456
sparse_sbm,195,0.76,0.44,0,0.020618556701030927,0.006872852233676976,0.037800687285223365,0.061855670103092786,0.0,0.034743453015760095,0.16666666666666666,0.25,1.0,0.0,0.0,0.8955165177766455
sparse_sbm,196,0.17333333333333334,0.44,0,0.013745704467353952,0.0,0.048109965635738834,0.06872852233676977,0.0,0.023225500651735898,0.0,0.0,1.0,0.0,0.0,0.8955165177766455
sparse_sbm,197,0.46,1.0,1,0.01718213058419244,0.0,0.027491408934707903,0.048109965635738834,0.0,0.029031875814669927,0.0,0.0,1.0,0.0,0.21473618625624447,0.43217894766370785
sparse_sbm,198,0.46,0.44,0,0.020618556701030927,0.0,0.048109965635738834,0.07560137457044673,0.0,0.03455385709207248,0.0,0.25,1.0,0.0,0.0,0.8955165177766456
sparse_sbm,199,0.46,0.44,1,0.01718213058419244,0.0,0.024054982817869417,0.048109965635738834,0.0,0.02903187581467004,0.0,0.125,1.0,0.0,0.4616759552820975,0.5327904859167077
sparse_sbm,200,0.29,0.44,0,0.01718213058419244,0.0,0.048109965635738834,0.07560137457044673,0.0,0.028913378362365183,0.0,0.25,1.0,0.0,0.0,0.8955165177766456
sparse_sbm,201,0.76,1.0,1,0.024054982817869417,0.0,0.044673539518900345,0.07216494845360824,0.0,0.040312833274084636,0.0,0.25,1.0,0.0,0.6318101170581167,0.5399015392018838
sparse_sbm,202,0.76,1.0,0,0.020618556701030927,0.006872852233676976,0.05154639175257732,0.07560137457044673,0.0,0.03483825097760396,0.08333333333333333,0.0,1.0,0.0,0.0,0.8955165177766455
sparse_sbm,203,0.46,1.0,0,0.013745704467353952,0.006872852233676976,0.01718213058419244,0.03436426116838488,0.0,0.023367697594501635,0.2,0.0,1.0,0.0,0.0,0.8955165177766456
sparse_sbm,204,0.29,0.44,0,0.01718213058419244,0.0,0.03436426116838488,0.058419243986254296,0.0,0.028913378362365183,0.0,0.125,1.0,0.0,0.0,0.8955165177766456
sparse_sbm,205,0.6233333333333333,1.0,0,0.024054982817869417,0.0,0.06872852233676977,0.09965635738831616,0.0,0.040146936840857905,0.0,0.125,1.0,0.0,0.0,0.8955165177766456
sparse_sbm,206,0.9133333333333333,1.0,0,0.030927835051546393,0.003436426116838488,0.08247422680412371,0.12027491408934708,0.0,0.05126199786704577,0.07142857142857142,0.125,1.0,0.0,0.0,0.8955165177766456
sparse_sbm,207,0.46,1.0,0,0.020618556701030927,0.0,0.041237113402061855,0.061855670103092786,0.0,0.03455385709207248,0.0,0.25,1.0,0.0,0.0,0.8955165177766456
sparse_sbm,208,0.46,1.0,1,0.013745704467353952,0.003436426116838488,0.020618556701030927,0.037800687285223365,0.0,0.023509894537267484,0.0625,0.25,1.0,0.0,0.4616759552820975,0.5327904859167077
sparse_sbm,209,0.46,1.0,1,0.01718213058419244,0.0,0.041237113402061855,0.061855670103092786,0.0,0.029031875814669927,0.0,0.125,1.0,0.0,0.11730583073840695,0.388400555883773
sparse_sbm,210,0.29,0.09666666666666666,1,0.006872852233676976,0.006872852233676976,0.003436426116838488,0.010309278350515464,0.0,0.011991942173243286,0.14285714285714285,0.125,1.0,0.0,0.0,0.46379408778345
sparse_sbm,211,0.76,1.0,0,0.027491408934707903,0.0,0.048109965635738834,0.07903780068728522,0.0,0.04569261760872134,0.0,0.25,1.0,0.0,0.0,0.8955165177766455
sparse_sbm,212,0.17333333333333334,0.09666666666666666,0,0.010309278350515464,0.003436426116838488,0.027491408934707903,0.037800687285223365,0.0,0.0175850219220286,0.1111111111111111,0.0,1.0,0.0,0.0,0.8955165177766455
sparse_sbm,213,0.0033333333333333335,0.0033333333333333335,0,0.003436426116838488,0.0,0.006872852233676976,0.010309278350515464,0.0,0.005877473634316788,0.0,0.125,1.0,0.0,0.0,0.8955165177766455
sparse_sbm,214,0.07666666666666666,0.09666666666666666,0,0.006872852233676976,0.003436426116838488,0.01718213058419244,0.024054982817869417,0.0,0.011920843701860306,0.07692307692307693,0.25,1.0,0.0,0.0,0.8955165177766456
sparse_sbm,215,0.07666666666666666,0.09666666666666666,0,0.010309278350515464,0.0,0.01718213058419244,0.027491408934707903,0.0,0.017490223960184847,0.0,0.0,1.0,0.0,0.0,0.8955165177766456
sparse_sbm,216,0.9133333333333333,1.0,0,0.024054982817869417,0.010309278350515464,0.06529209621993128,0.09278350515463918,0.0,0.04050242919777214,0.08333333333333333,0.25,1.0,0.0,0.0,0.8955165177766456
sparse_sbm,217,0.8466666666666667,1.0,0,0.027491408934707903,0.003436426116838488,0.061855670103092786,0.09278350515463918,0.0,0.04576371608010421,0.08333333333333333,0.0,1.0,0.0,0.0,0.8955165177766453
sparse_sbm,218,0.07666666666666666,0.09666666666666666,0,0.010309278350515464,0.0,0.010309278350515464,0.024054982817869417,0.0,0.017490223960184847,0.0,0.125,1.0,0.0,0.0,0.8955165177766456
sparse_sbm,219,0.9133333333333333,1.0,0,0.027491408934707903,0.006872852233676976,0.041237113402061855,0.07216494845360824,0.0,0.04600071098471381,0.06666666666666667,0.25,1.0,0.0,0.0,0.8955165177766456
sparse_sbm,220,0.07666666666666666,0.09666666666666666,0,0.003436426116838488,0.006872852233676976,0.006872852233676976,0.010309278350515464,0.0,0.006067069558004401,0.16666666666666666,0.125,1.0,0.0,0.0,0.8955165177766456
sparse_sbm,221,0.46,1.0,0,0.020618556701030927,0.0,0.06529209621993128,0.08934707903780069,0.0,0.03455385709207248,0.0,0.125,1.0,0.0,0.0,0.8955165177766456
sparse_sbm,222,0.6233333333333333,1.0,0,0.020618556701030927,0.003436426116838488,0.041237113402061855,0.061855670103092786,0.0,0.03476715250622109,0.058823529411764705,0.125,1.0,0.0,0.0,0.8955165177766456
sparse_sbm,223,0.76,0.44,1,0.020618556701030927,0.003436426116838488,0.041237113402061855,0.061855670103092786,0.0,0.0347671525062212,0.09090909090909091,0.125,1.0,0.0,0.0,0.481286517502453
sparse_sbm,224,0.76,1.0,1,0.020618556701030927,0.003436426116838488,0.041237113402061855,0.06529209621993128,0.0,0.034743453015760206,0.08333333333333333,0.0,1.0,0.0,0.616816328917106,0.38893723450214124
sparse_sbm,225,0.6233333333333333,1.0,0,0.020618556701030927,0.003436426116838488,0.041237113402061855,0.06529209621993128,0.0,0.034577556582533475,0.1111111111111111,0.125,1.0,0.0,0.0,0.8955165177766456
sparse_sbm,226,0.9866666666666667,1.0,0,0.027491408934707903,0.013745704467353952,0.048109965635738834,0.07903780068728522,0.0,0.04616660741794043,0.06666666666666667,0.25,1.0,0.0,0.0,0.8955165177766456
sparse_sbm,227,0.9133333333333333,1.0,0,0.027491408934707903,0.006872852233676976,0.037800687285223365,0.06872852233676977,0.0,0.04585851404194807,0.07692307692307693,0.125,1.0,0.0,0.0,0.8955165177766456
sparse_sbm,228,0.29,0.44,0,0.01718213058419244,0.0,0.03436426116838488,0.05154639175257732,0.0,0.028913378362365183,0.0,0.0,1.0,0.0,0.0,0.8955165177766456
sparse_sbm,229,0.17333333333333334,0.44,1,0.010309278350515464,0.0,0.010309278350515464,0.020618556701030927,0.0,0.017561322431567716,0.0,0.25,1.0,0.0,0.28106821186375175,0.5279599431824837
sparse_sbm,230,0.46,1.0,0,0.013745704467353952,0.006872852233676976,0.037800687285223365,0.058419243986254296,0.0,0.023533594027728366,0.08333333333333333,0.0,1.0,0.0,0.0,0.8955165177766456
sparse_sbm,231,0.46,0.44,0,0.020618556701030927,0.0,0.041237113402061855,0.06872852233676977,0.0,0.03455385709207248,0.0,0.125,1.0,0.0,0.0,0.8955165177766456
sparse_sbm,232,0.6233333333333333,1.0,0,0.024054982817869417,0.0,0.054982817869415807,0.08247422680412371,0.0,0.040146936840857905,0.0,0.125,1.0,0.0,0.0,0.8955165177766456
sparse_sbm,233,0.17333333333333334,0.44,0,0.010309278350515464,0.003436426116838488,0.020618556701030927,0.030927835051546393,0.0,0.017608721412489592,0.1111111111111111,0.125,1.0,0.0,0.0,0.8955165177766455
sparse_sbm,234,0.95,1.0,0,0.030927835051546393,0.006872852233676976,0.06529209621993128,0.09965635738831616,0.0,0.05149899277165537,0.058823529411764705,0.125,1.0,0.0,0.0,0.8955165177766456
sparse_sbm,235,0.8466666666666667,1.0,1,0.020618556701030927,0.006872852233676976,0.048109965635738834,0.07560137457044673,0.0,0.03486195046806495,0.08333333333333333,0.125,1.0,0.0,0.5122001102779912,0.14784943221064054
sparse_sbm,236,0.76,1.0,0,0.020618556701030927,0.006872852233676976,0.037800687285223365,0.061855670103092786,0.0,0.03486195046806484,0.07692307692307693,0.25,1.0,0.0,0.0,0.8955165177766455
sparse_sbm,237,0.76,1.0,0,0.020618556701030927,0.006872852233676976,0.05154639175257732,0.07903780068728522,0.0,0.03483825097760396,0.08333333333333333,0.0,1.0,0.0,0.0,0.8955165177766455
sparse_sbm,238,0.07666666666666666,0.09666666666666666,0,0.003436426116838488,0.006872852233676976,0.013745704467353952,0.020618556701030927,0.0,0.005924872615238663,0.5,0.25,1.0,0.0,0.0,0.8955165177766456
sparse_sbm,239,0.46,1.0,0,0.013745704467353952,0.006872852233676976,0.01718213058419244,0.030927835051546393,0.0,0.02355729351818936,0.09090909090909091,0.125,1.0,0.0,0.0,0.8955165177766456
sparse_sbm,240,0.8466666666666667,1.0,0,0.020618556701030927,0.006872852233676976,0.024054982817869417,0.044673539518900345,0.0,0.03486195046806484,0.1111111111111111,0.25,1.0,0.0,0.0,0.8955165177766453
sparse_sbm,241,0.46,1.0,0,0.01718213058419244,0.003436426116838488,0.030927835051546393,0.048109965635738834,0.0,0.02912667377651379,0.0625,0.25,1.0,0.0,0.0,0.8955165177766456
sparse_sbm,242,0.8466666666666667,1.0,0,0.024054982817869417,0.006872852233676976,0.041237113402061855,0.06872852233676977,0.0,0.04043133072638938,0.07692307692307693,0.25,1.0,0.0,0.0,0.8955165177766453
sparse_sbm,243,0.46,0.44,0,0.020618556701030927,0.0,0.037800687285223365,0.061855670103092786,0.0,0.03455385709207248,0.0,0.125,1.0,0.0,0.0,0.8955165177766456
sparse_sbm,244,0.76,1.0,0,0.020618556701030927,0.003436426116838488,0.030927835051546393,0.054982817869415807,0.0,0.03464865505391623,0.1,0.125,1.0,0.0,0.0,0.8955165177766455
sparse_sbm,245,0.17333333333333334,0.44,0,0.010309278350515464,0.003436426116838488,0.020618556701030927,0.030927835051546393,0.0,0.017561322431567716,0.125,0.125,1.0,0.0,0.0,0.8955165177766455
sparse_sbm,246,0.6233333333333333,1.0,0,0.01718213058419244,0.006872852233676976,0.037800687285223365,0.058419243986254296,0.0,0.02922147173835754,0.08333333333333333,0.125,1.0,0.0,0.0,0.8955165177766456
sparse_sbm,247,0.17333333333333334,0.44,0,0.010309278350515464,0.003436426116838488,0.013745704467353952,0.027491408934707903,0.0,0.017703519374333343,0.07142857142857142,0.25,1.0,0.0,0.0,0.8955165177766455
sparse_sbm,248,0.6233333333333333,1.0,0,0.020618556701030927,0.003436426116838488,0.044673539518900345,0.06529209621993128,0.0,0.03476715250622109,0.058823529411764705,0.25,1.0,0.0,0.0,0.8955165177766456
sparse_sbm,249,0.07666666666666666,0.09666666666666666,0,0.006872852233676976,0.003436426116838488,0.020618556701030927,0.030927835051546393,0.0,0.011920843701860306,0.07692307692307693,0.125,1.0,0.0,0.0,0.8955165177766456
sparse_sbm,250,0.29,0.44,0,0.010309278350515464,0.006872852233676976,0.030927835051546393,0.048109965635738834,0.0,0.017869415807560074,0.14285714285714285,0.25,1.0,0.0,0.0,0.8955165177766456
sparse_sbm,252,0.6233333333333333,1.0,1,0.020618556701030927,0.0,0.027491408934707903,0.048109965635738834,0.0,0.03469605403483822,0.0,0.25,1.0,0.0,0.25339792542921735,0.4393169925701239
sparse_sbm,253,0.6233333333333333,0.44,0,0.01718213058419244,0.006872852233676976,0.037800687285223365,0.061855670103092786,0.0,0.029245171228818534,0.08333333333333333,0.125,1.0,0.0,0.0,0.8955165177766456
sparse_sbm,254,0.95,1.0,0,0.030927835051546393,0.006872852233676976,0.06872852233676977,0.10309278350515463,0.0,0.051285697357506765,0.07692307692307693,0.125,1.0,0.0,0.0,0.8955165177766456
sparse_sbm,255,0.6233333333333333,0.44,0,0.01718213058419244,0.003436426116838488,0.027491408934707903,0.044673539518900345,0.0,0.02912667377651379,0.125,0.0,1.0,0.0,0.0,0.8955165177766456
sparse_sbm,256,0.29,1.0,0,0.01718213058419244,0.0,0.048109965635738834,0.07216494845360824,0.0,0.028913378362365183,0.0,0.0,1.0,0.0,0.0,0.8955165177766456
sparse_sbm,257,0.6233333333333333,1.0,0,0.020618556701030927,0.003436426116838488,0.044673539518900345,0.06529209621993128,0.0,0.034672354544377226,0.08333333333333333,0.125,1.0,0.0,0.0,0.8955165177766456
sparse_sbm,258,1.0,1.0,0,0.041237113402061855,0.003436426116838488,0.07560137457044673,0.12371134020618557,0.0,0.0674487498518781,0.06666666666666667,0.125,1.0,0.0,0.0,0.8955165177766456
sparse_sbm,259,0.6233333333333333,1.0,0,0.01718213058419244,0.006872852233676976,0.061855670103092786,0.08247422680412371,0.0,0.02922147173835754,0.07692307692307693,0.25,1.0,0.0,0.0,0.8955165177766456
sparse_sbm,260,0.17333333333333334,0.44,0,0.013745704467353952,0.0,0.037800687285223365,0.054982817869415807,0.0,0.023225500651735898,0.0,0.125,1.0,0.0,0.0,0.8955165177766455
sparse_sbm,261,0.76,1.0,1,0.020618556701030927,0.003436426116838488,0.03436426116838488,0.054982817869415807,0.0,0.03490934944898694,0.05555555555555555,0.25,1.0,0.0,0.16677906768448736,0.3524750385860914
sparse_sbm,262,0.46,1.0,0,0.013745704467353952,0.006872852233676976,0.048109965635738834,0.06529209621993128,0.0,0.02332029861357976,0.25,0.125,1.0,0.0,0.0,0.8955165177766456
sparse_sbm,263,0.9866666666666667,1.0,1,0.030927835051546393,0.006872852233676976,0.044673539518900345,0.08247422680412371,0.0,0.05161749022396023,0.058823529411764705,0.125,1.0,0.0,0.9298434235799027,0.5620633752105699
sparse_sbm,264,0.95,1.0,0,0.037800687285223365,0.0,0.07903780068728522,0.12714776632302405,0.0,0.0620452660267804,0.0,0.0,1.0,0.0,0.0,0.8955165177766456
sparse_sbm,265,0.6233333333333333,1.0,1,0.01718213058419244,0.0,0.01718213058419244,0.03436426116838488,0.0,0.02903187581467004,0.07692307692307693,0.25,1.0,0.0,0.5482729586585551,0.5360493324550918
sparse_sbm,266,0.46,1.0,0,0.01718213058419244,0.003436426116838488,0.044673539518900345,0.06529209621993128,0.0,0.02912667377651379,0.0625,0.125,1.0,0.0,0.0,0.8955165177766456
sparse_sbm,267,0.8466666666666667,1.0,0,0.024054982817869417,0.003436426116838488,0.037800687285223365,0.06529209621993128,0.0,0.04036023225500651,0.09090909090909091,0.125,1.0,0.0,0.0,0.8955165177766453
sparse_sbm,268,1.0,1.0,0,0.041237113402061855,0.003436426116838488,0.061855670103092786,0.10996563573883161,0.0,0.06749614883280008,0.05555555555555555,0.125,1.0,0.0,0.0,0.8955165177766456
sparse_sbm,269,0.46,1.0,1,0.01718213058419244,0.0,0.01718213058419244,0.037800687285223365,0.0,0.029031875814669927,0.0,0.25,1.0,0.0,0.21473618625624447,0.43217894766370785
sparse_sbm,270,0.29,0.44,0,0.01718213058419244,0.0,0.030927835051546393,0.05154639175257732,0.0,0.028913378362365183,0.0,0.0,1.0,0.0,0.0,0.8955165177766456
sparse_sbm,271,0.07666666666666666,0.09666666666666666,0,0.006872852233676976,0.003436426116838488,0.013745704467353952,0.020618556701030927,0.0,0.011826045740016555,0.125,0.125,1.0,0.0,0.0,0.8955165177766456
sparse_sbm,272,0.46,1.0,0,0.01718213058419244,0.003436426116838488,0.03436426116838488,0.054982817869415807,0.0,0.02912667377651379,0.0625,0.0,1.0,0.0,0.0,0.8955165177766456
sparse_sbm,273,0.46,1.0,0,0.01718213058419244,0.003436426116838488,0.054982817869415807,0.07560137457044673,0.0,0.02912667377651379,0.0625,0.25,1.0,0.0,0.0,0.8955165177766456
sparse_sbm,274,0.9133333333333333,1.0,0,0.024054982817869417,0.010309278350515464,0.06529209621993128,0.08934707903780069,0.0,0.04052612868823313,0.07142857142857142,0.125,1.0,0.0,0.0,0.8955165177766456
sparse_sbm,275,0.76,1.0,2,0.01718213058419244,0.003436426116838488,0.030927835051546393,0.05154639175257732,0.0,0.029245171228818645,0.05555555555555555,0.25,1.0,0.125,3.501149188369169,0.26944529998055994
sparse_sbm,276,0.29,0.44,0,0.013745704467353952,0.003436426116838488,0.020618556701030927,0.037800687285223365,0.0,0.02332029861357976,0.09090909090909091,0.125,1.0,0.0,0.0,0.8955165177766456
sparse_sbm,277,0.29,1.0,0,0.01718213058419244,0.0,0.027491408934707903,0.044673539518900345,0.0,0.028913378362365183,0.0,0.25,1.0,0.0,0.0,0.8955165177766456
sparse_sbm,278,0.8466666666666667,1.0,0,0.030927835051546393,0.0,0.058419243986254296,0.09965635738831616,0.0,0.0511908993956629,0.0,0.125,1.0,0.0,0.0,0.8955165177766453
sparse_sbm,279,0.95,1.0,1,0.027491408934707903,0.006872852233676976,0.05154639175257732,0.09278350515463918,0.0,0.04614290792747955,0.07142857142857142,0.0,1.0,0.0,0.8610984039144673,0.5554312581121086
sparse_sbm,280,1.0,1.0,0,0.044673539518900345,0.0,0.07903780068728522,0.13745704467353953,0.0,0.07271003673421017,0.0,0.125,1.0,0.0,0.0,0.8955165177766456
sparse_sbm,281,0.29,0.44,0,0.013745704467353952,0.003436426116838488,0.027491408934707903,0.048109965635738834,0.0,0.023272899632657884,0.14285714285714285,0.0,1.0,0.0,0.0,0.8955165177766456
sparse_sbm,282,0.6233333333333333,1.0,0,0.01718213058419244,0.003436426116838488,0.044673539518900345,0.06872852233676977,0.0,0.02912667377651379,0.125,0.25,1.0,0.0,0.0,0.8955165177766456
sparse_sbm,283,0.6233333333333333,1.0,0,0.020618556701030927,0.003436426116838488,0.07216494845360824,0.09965635738831616,0.0,0.03462495556345535,0.09090909090909091,0.0,1.0,0.0,0.0,0.8955165177766456
sparse_sbm,284,0.6233333333333333,1.0,0,0.024054982817869417,0.0,0.061855670103092786,0.09278350515463918,0.0,0.040146936840857905,0.0,0.0,1.0,0.0,0.0,0.8955165177766456
sparse_sbm,285,0.46,0.44,0,0.01718213058419244,0.003436426116838488,0.020618556701030927,0.041237113402061855,0.0,0.029031875814669927,0.09090909090909091,0.0,1.0,0.0,0.0,0.8955165177766456
sparse_sbm,287,0.9133333333333333,1.0,0,0.030927835051546393,0.003436426116838488,0.041237113402061855,0.07216494845360824,0.0,0.05140419480981151,0.05,0.25,1.0,0.0,0.0,0.8955165177766456
sparse_sbm,288,0.76,1.0,0,0.024054982817869417,0.003436426116838488,0.06529209621993128,0.09621993127147767,0.0,0.040218035312240774,0.09090909090909091,0.0,1.0,0.0,0.0,0.8955165177766455
sparse_sbm,289,0.9866666666666667,1.0,0,0.037800687285223365,0.003436426116838488,0.09278350515463918,0.13745704467353953,0.0,0.06214006398862415,0.05555555555555555,0.0,1.0,0.0,0.0,0.8955165177766456
sparse_sbm,290,0.29,1.0,0,0.013745704467353952,0.003436426116838488,0.01718213058419244,0.03436426116838488,0.0,0.023296599123118766,0.125,0.25,1.0,0.0,0.0,0.8955165177766456
sparse_sbm,291,0.29,1.0,0,0.013745704467353952,0.003436426116838488,0.027491408934707903,0.044673539518900345,0.0,0.023272899632657884,0.14285714285714285,0.125,1.0,0.0,0.0,0.8955165177766456
sparse_sbm,292,0.8466666666666667,1.0,0,0.024054982817869417,0.003436426116838488,0.041237113402061855,0.06872852233676977,0.0,0.040218035312240774,0.08333333333333333,0.25,1.0,0.0,0.0,0.8955165177766453
sparse_sbm,293,0.76,1.0,0,0.020618556701030927,0.006872852233676976,0.044673539518900345,0.07560137457044673,0.0,0.03464865505391623,0.2,0.125,1.0,0.0,0.0,0.8955165177766455
sparse_sbm,294,0.8466666666666667,1.0,0,0.030927835051546393,0.0,0.07216494845360824,0.10996563573883161,0.0,0.0511908993956629,0.0,0.0,1.0,0.0,0.0,0.8955165177766453
sparse_sbm,295,0.76,1.0,0,0.027491408934707903,0.0,0.037800687285223365,0.06529209621993128,0.0,0.04569261760872134,0.0,0.125,1.0,0.0,0.0,0.8955165177766455
sparse_sbm,296,0.76,1.0,0,0.024054982817869417,0.003436426116838488,0.054982817869415807,0.08247422680412371,0.0,0.040241734802701656,0.07692307692307693,0.25,1.0,0.0,0.0,0.8955165177766455
sparse_sbm,297,0.46,0.44,0,0.01718213058419244,0.003436426116838488,0.041237113402061855,0.061855670103092786,0.0,0.028984476833748052,0.1111111111111111,0.125,1.0,0.0,0.0,0.8955165177766456
sparse_sbm,298,0.8466666666666667,1.0,1,0.01718213058419244,0.010309278350515464,0.024054982817869417,0.044673539518900345,0.0,0.029316269700201514,0.09090909090909091,0.125,1.0,0.0,0.5122001102779912,0.14784943221064054
sparse_sbm,299,0.46,0.44,0,0.013745704467353952,0.003436426116838488,0.027491408934707903,0.044673539518900345,0.0,0.023296599123118766,0.125,0.0,1.0,0.0,0.0,0.8955165177766456
